"1001M";"DK";"Danmark"
"1001M3";"DK";"Danmark"
"1001M3";"IS";"Island"
"100235P";"DK-SV";"Danmark-Sverige"
"1002F";"DK";"Danmark"
"1002F";"IS";"Island"
"1002M";"DK";"Danmark"
"1002M2";"DK";"Danmark"
"1002M2";"IS";"Island"
"1002M3";"DK";"Danmark"
"1002M3Q";"DK";"Danmark"
"1002M3Q";"IS";"Island"
"1002M3Q";"SE";"Sverige"
"1002M3Q2";"DK";"Danmark"
"1002M3Q2";"IS";"Island"
"1002M3Q2";"SE";"Sverige"
"1002M4";"DK";"Danmark"
"1002M4";"IS";"Island"
"1003F4";"DK";"Danmark"
"1003F4";"IS";"Island"
"1003M";"DK";"Danmark"
"1003M1";"DK";"Danmark"
"1003M1";"IS";"Island"
"1003M3Q";"DK";"Danmark"
"1003M3Q";"SE";"Sverige"
"1003M3Q2";"DK";"Danmark"
"1003M3Q2";"SE";"Sverige"
"1003M3Q2H";"DK";"Danmark"
"1003M3Q2H";"SV";"Sverige"
"1003M4";"DK";"Danmark"
"1003M41";"DK";"Danmark"
"1003M41";"IS";"Island"
"1004F4";"DK";"Danmark"
"1004F4";"IS";"Island"
"1004M";"DK";"Danmark"
"1004M4";"DK";"Danmark"
"1004M4";"IS";"Island"
"1004MQ";"DK";"Danmark"
"1004MQ";"IS";"Island"
"1005M";"DK";"Danmark"
"1005M2";"DK";"Danmark"
"1005M3Q2";"DK";"Danmark"
"1005M3Q2";"IS";"Island"
"1005M3Q2";"SE";"Sverige"
"1005M4";"DK";"Danmark"
"1005M4";"IS";"Island"
"1005M6";"DK";"Danmark"
"1005M6";"SE";"Sverige"
"1010";"DK-SV";"Danmark-Sverige"
"1010";"IS";"Island"
"101035P";"DK-SV";"Danmark - Sverige"
"101035P";"IS";"Island"
"101052S";"DK-SV";"Danmark-Sverige"
"101052S";"IS";"Island"
"1010F";"DK";"Danmark"
"1010F";"IS";"Island"
"1010L";"DK-SV";"Danmark-Sverige"
"1010L";"IS";"Island"
"1010M";"DK";"Danmark"
"1010M";"IS";"Island"
"1020";"DK-SV";"Danmark-Sverige"
"1020";"IS";"Island"
"102035P";"DK-SV";"Danmark-Sverige"
"102035P";"IS";"Island"
"102050S";"DK-SV";"Danmark-Sverige"
"102052S";"DK-SV";"Danmark-Sverige"
"102052S";"IS";"Island"
"1020M";"DK";"Danmark"
"1020M";"IS";"Island"
"1020Q";"DK-SV";"Danmark-Sverige"
"1020Q";"IS";"Island"
"1040";"DK-SV";"Danmark-Sverige"
"1040";"IS";"Island"
"1050";"DK-SV";"Danmark-Sverige"
"1050";"IS";"Island"
"105035P";"DK-SV";"Danmark-Sverige"
"105035P";"IS";"Island"
"105045S";"DK-SV";"Danmark-Sverige"
"105045S";"IS";"Island"
"105050S";"DK-SV";"Danmark-Sverige"
"105052S";"DK-SV";"Danmark-Sverige"
"105052S";"IS";"Island"
"1050F";"DK";"Danmark"
"1050FA";"DK";"Danmark"
"1050L";"DK-SV";"Danmark-Sverige"
"1050L";"IS";"Island"
"1050M";"DK";"Danmark"
"1050M";"IS";"Island"
"1050Q";"DK-SV";"Danmark-Sverige"
"1050Q";"IS";"Island"
"1062HT";"DK-SV";"Danmark-Sverige"
"1062HT";"IS";"Island"
"1062LT";"DK-SV";"Danmark-Sverige"
"1062LT";"IS";"Island"
"1062MLT";"DK";"Danmark"
"1062MLT";"SV";"Sverige"
"1063HT";"DK-SV";"Danmark-Sverige"
"1063HT";"IS";"Island"
"1063LT";"DK-SV";"Danmark-Sverige"
"1063LT";"IS";"Island"
"1063MLT";"DK";"Danmark"
"1063MLT";"SV";"Sverige"
"1064M";"DK";"Danmark"
"1064M";"IS";"Island"
"1065M";"DK";"Danmark"
"1065M";"IS";"Island"
"1066M";"DK";"Danmark"
"1066M";"IS";"Island"
"1067M";"DK";"Danmark"
"1067M";"IS";"Island"
"1068M";"DK";"Danmark"
"1068M";"IS";"Island"
"1069M";"DK";"Danmark"
"1069M";"IS";"Island"
"1083";"DK-SV";"Danmark-Sverige"
"1083";"IS";"Island"
"1085";"DK-SV";"Danmark-Sverige"
"1085";"IS";"Island"
"108535P";"DK-SV";"Danmark-Sverige"
"108535P";"IS";"Island"
"108552S";"DK-SV";"Danmark-Sverige"
"108552S";"IS";"Island"
"1085F";"DK";"Danmark"
"1085F";"IS";"Island"
"1085F";"SV";"Sverige"
"1085L";"DK-SV";"Danmark-Sverige"
"1085L";"IS";"Island"
"1085M";"DK";"Danmark"
"1085M";"IS";"Island"
"1086";"DK-SV";"Danmark-Sverige"
"1086";"IS";"Island"
"1088";"DK-SV";"Danmark-Sverige"
"1088";"IS";"Island"
"108835P";"DK-SV";"Danmark-Sverige"
"108835P";"IS";"Island"
"1101E";"DK-SV";"Danmark-Sverige"
"1102E";"DK-SV";"Danmark-Sverige"
"1110";"DK-SV";"Danmark-Sverige"
"1110";"IS";"Island"
"111050S";"DK-SV";"Danmark-Sverige"
"111050S";"IS";"Island"
"111060S";"DK-SV";"Danmark-Sverige"
"111060S";"IS";"Island"
"1110F";"DK";"Danmark"
"1110F";"IS";"Island"
"1110L";"DK-SV";"Danmark-Sverige"
"1110L";"IS";"Island"
"1120";"DK-SV";"Danmark-Sverige"
"1120";"IS";"Island"
"112045";"DK-SV";"Danmark-Sverige"
"112045";"IS";"Island"
"112048P";"DK-SV";"Danmark-Sverige"
"112048P";"IS";"Island"
"112050S";"DK-SV";"Danmark-Sverige"
"112050S";"IS";"Island"
"112056S";"DK-SV";"Danmark-Sverige"
"112056S";"IS";"Island"
"112060S";"DK-SV";"Danmark-Sverige"
"112060S";"IS";"Island"
"1120HT";"DK-SV";"Danmark-Sverige"
"1120HT";"IS";"Island"
"1120L";"DK-SV";"Danmark-Sverige"
"1120L";"IS";"Island"
"1150";"DK-SV";"Danmark-Sverige"
"1150";"IS";"Island"
"115045";"DK-SV";"Danmark-Sverige"
"115045";"IS";"Island"
"115048P";"DK-SV";"Danmark-Sverige"
"115048P";"IS";"Island"
"115050S";"DK-SV";"Danmark-Sverige"
"115050S";"IS";"Island"
"115056S";"DK-SV";"Danmark-Sverige"
"115056S";"IS";"Island"
"115060S";"DK-SV";"Danmark-Sverige"
"115060S";"IS";"Island"
"115060SB";"DK-SV";"Danmark-Sverige"
"1150F";"DK";"Danmark"
"1150F";"IS";"Island"
"1150HT";"DK-SV";"Danmark-Sverige"
"1150HT";"IS";"Island"
"1150L";"DK-SV";"Danmark-Sverige"
"1150L";"IS";"Island"
"1160";"DK-SV";"Danmark-Sverige"
"1160";"IS";"Island"
"1160F";"DK";"Danmark"
"1160F";"SV";"Sverige"
"1161";"DK-SV";"Danmark-Sverige"
"1161";"IS";"Island"
"1161F";"DK";"Danmark"
"1161F";"SV";"Sverige"
"1162FHT";"DK";"Danmark"
"1162FHT";"SV";"Sverige"
"1162FLT";"DK";"Danmark"
"1162FLT";"SV";"Sverige"
"1162HT";"DK-SV";"Danmark-Sverige"
"1162HT";"IS";"Island"
"1162LT";"DK-SV";"Danmark-Sverige"
"1162LT";"IS";"Island"
"1163FHT";"DK";"Danmark"
"1163FHT";"SV";"Sverige"
"1163FHT21";"DK";"Danmark"
"1163FHT21";"SV";"Sverige"
"1163FLT";"DK";"Danmark"
"1163FLT";"SV";"Sverige"
"1163HT";"DK-SV";"Danmark-Sverige"
"1163HT";"IS";"Island"
"1163HT21";"DK-SV";"Danmark-Sverige"
"1163HT21";"IS";"Island"
"1163LT";"DK-SV";"Danmark-Sverige"
"1163LT";"IS";"Island"
"1164";"DK-SV";"Danmark-Sverige"
"1164";"IS";"Island"
"1164F";"DK";"Danmark"
"1164F";"SV";"Sverige"
"1166";"DK-SV";"Danmark-Sverige"
"1166";"IS";"Island"
"1166F";"DK";"Danmark"
"1166F";"SV";"Sverige"
"1167";"DK-SV";"Danmark-Sverige"
"1167";"IS";"Island"
"1167F";"DK";"Danmark"
"1167F";"SV";"Sverige"
"1168";"DK-SV";"Danmark-Sverige"
"1168";"IS";"Island"
"1168F";"DK";"Danmark"
"1168F";"SV";"Sverige"
"1171LT";"DK-SV";"Danmark-Sverige"
"1171LT";"IS";"Island"
"1182";"DK-SV";"Danmark-Sverige"
"1182";"IS";"Island"
"1184";"DK-SV";"Danmark-Sverige"
"1184";"IS";"Island"
"1185";"DK-SV";"Danmark-Sverige"
"1185";"IS";"Island"
"118545";"DK-SV";"Danmark-Sverige"
"118545";"IS";"Island"
"118548P";"DK-SV";"Danmark-Sverige"
"118548P";"IS";"Island"
"118550S";"DK-SV";"Danmark-Sverige"
"118550S";"IS";"Island"
"118556S";"DK-SV";"Danmark-Sverige"
"118556S";"IS";"Island"
"1185F";"DK-SV";"Danmark-Sverige"
"1185L";"DK-SV";"Danmark-Sverige"
"1185L";"IS";"Island"
"1186";"DK-SV";"Danmark - Sverige"
"1188";"DK-SV";"Danmark-Sverige"
"1188";"IS";"Island"
"118845";"DK-SV";"Danmark-Sverige"
"118845";"IS";"Island"
"118850S";"DK-SV";"Danmark-Sverige"
"118850S";"IS";"Island"
"1188L";"DK-SV";"Danmark-Sverige"
"1188L";"IS";"Island"
"1210";"DK-SV";"Danmark-Sverige"
"1210";"IS";"Island"
"121045";"DK-SV";"Danmark-Sverige"
"121045";"IS";"Island"
"121050S";"DK-SV";"Danmark-Sverige"
"121050S";"IS";"Island"
"1220";"DK-SV";"Danmark-Sverige"
"1220";"IS";"Island"
"122045";"DK-SV";"Danmark-Sverige"
"122045";"IS";"Island"
"1220451";"DK-SV";"Danmark-Sverige"
"1220451";"IS";"Island"
"122048P";"DK-SV";"Danmark-Sverige"
"122048P";"IS";"Island"
"122050S";"DK-SV";"Danmark-Sverige"
"122050S";"IS";"Island"
"122055S";"DK-SV";"Danmark-Sverige"
"122055S";"IS";"Island"
"1220Q";"DK-SV";"Danmark-Sverige"
"1220Q";"IS";"Island"
"1240";"DK-SV";"Danmark-Sverige"
"1240";"IS";"Island"
"1250";"DK-SV";"Danmark-Sverige"
"1250";"IS";"Island"
"125045";"DK-SV";"Danmark-Sverige"
"125045";"IS";"Island"
"1250451";"DK-SV";"Danmark-Sverige"
"1250451";"IS";"Island"
"125048P";"DK-SV";"Danmark-Sverige"
"125048P";"IS";"Island"
"125050S";"DK-SV";"Danmark-Sverige"
"125050S";"IS";"Island"
"125050SHT";"DK-SV";"Danmark-Sverige"
"125050SHT";"IS";"Island"
"125055S";"DK-SV";"Danmark-Sverige"
"125055S";"IS";"Island"
"125060S";"DK-SV";"Danmark-Sverige"
"125060S";"IS";"Island"
"1250Q";"DK-SV";"Danmark-Sverige"
"1250Q";"IS";"Island"
"1261HT";"DK-SV";"Danmark-Sverige"
"1261HT";"IS";"Island"
"1262HT";"DK-SV";"Danmark-Sverige"
"1262HT";"IS";"Island"
"126348PHT";"DK-SV";"Danmark-Sverige"
"126348PHT";"IS";"Island"
"1265HT";"DK-SV";"Danmark-Sverige"
"1265HT";"IS";"Island"
"1285";"DK-SV";"Danmark-Sverige"
"1285";"IS";"Island"
"128545";"DK-SV";"Danmark-Sverige"
"128545";"IS";"Island"
"1285451";"DK-SV";"Danmark-Sverige"
"1285451";"IS";"Island"
"128548P";"DK-SV";"Danmark-Sverige"
"128548P";"IS";"Island"
"128550S";"DK-SV";"Danmark-Sverige"
"128550S";"IS";"Island"
"128560S";"DK-SV";"Danmark-Sverige"
"128560S";"IS";"Island"
"1288";"DK-SV";"Danmark-Sverige"
"1288";"IS";"Island"
"1288451";"DK-SV";"Danmark-Sverige"
"1288451";"IS";"Island"
"128848P";"DK-SV";"Danmark-Sverige"
"128848P";"IS";"Island"
"128850S";"DK-SV";"Danmark-Sverige"
"128850S";"IS";"Island"
"1304F";"DK";"Danmark"
"1304F";"IS";"Island"
"1304F4";"DK";"Danmark"
"1304F4";"IS";"Island"
"1305F";"DK";"Danmark"
"1305F";"IS";"Island"
"1310";"DK-SV";"Danmark-Sverige"
"1310";"IS";"Island"
"1310F";"DK";"Danmark"
"1310F";"IS";"Island"
"1320";"DK-SV";"Danmark-Sverige"
"1320";"IS";"Island"
"1320F";"DK";"Danmark"
"1320F";"IS";"Island"
"1350";"DK-SV";"Danmark-Sverige"
"1350";"IS";"Island"
"1350F";"DK";"Danmark"
"1350F";"IS";"Island"
"1350I";"DK-SV";"Danmark-Sverige"
"1350I";"IS";"Island"
"1385F";"DK";"Danmark"
"1385F";"IS";"Island"
"1410";"DK-SV";"Danmark-Sverige"
"1410";"IS";"Island"
"141050S";"DK-SV";"Danmark-Sverige"
"141050S";"IS";"Island"
"141055S";"DK-SV";"Danmark-Sverige"
"141060S";"DK-SV";"Danmark-Sverige"
"1420";"DK-SV";"Danmark-Sverige"
"1420";"IS";"Island"
"142045";"DK-SV";"Danmark-Sverige"
"142045";"IS";"Island"
"142050S";"DK-SV";"Danmark-Sverige"
"142050S";"IS";"Island"
"1450";"DK-SV";"Danmark-Sverige"
"1450";"IS";"Island"
"145045";"DK-SV";"Danmark-Sverige"
"145045";"IS";"Island"
"145048P";"DK-SV";"Danmark-Sverige"
"145048P";"IS";"Island"
"145050S";"DK-SV";"Danmark-Sverige"
"145050S";"IS";"Island"
"145055S";"DK-SV";"Danmark-Sverige"
"145055S";"IS";"Island"
"145060S";"DK-SV";"Danmark-Sverige"
"145060S";"IS";"Island"
"1450HT";"DK-SV";"Danmark-Sverige"
"1482";"DK-SV";"Danmark - Sverige"
"1483";"DK-SV";"Danmark-Sverige"
"1483";"IS";"Island"
"1485";"DK-SV";"Danmark-Sverige"
"1485";"IS";"Island"
"148545";"DK";""
"148545";"DK-SV";"Danmark-Sverige"
"148545";"IS";"Island"
"1486";"DK-SV";"Danmark-Sverige"
"1486";"IS";"Island"
"1510";"DK-SV";"Danmark-Sverige"
"1510";"IS";"Island"
"1520";"DK-SV";"Danmark-Sverige"
"1520";"IS";"Island"
"1520P";"DK-SV";"Danmark-Sverige"
"1520P";"IS";"Island"
"1520Q";"DK-SV";"Danmark-Sverige"
"1520Q";"IS";"Island"
"1540";"DK-SV";"Danmark-Sverige"
"1540";"IS";"Island"
"154025S";"DK-SV";"Danmark-Sverige"
"154025S";"IS";"Island"
"1540P";"DK-SV";"Danmark-Sverige"
"1540P";"IS";"Island"
"1540Q";"DK-SV";"Danmark-Sverige"
"1540Q";"IS";"Island"
"1542";"DK-SV";"Danmark-Sverige"
"1542";"IS";"Island"
"1570";"DK-SV";"Danmark-Sverige"
"1570";"IS";"Island"
"1571";"DK-SV";"Danmark-Sverige"
"1571";"IS";"Island"
"1571P";"DK-SV";"Danmark-Sverige"
"1571P";"IS";"Island"
"1585";"DK-SV";"Danmark-Sverige"
"1585";"IS";"Island"
"16011F";"DK";"Danmark"
"16011F";"IS";"Island"
"16011F4";"DK";"Danmark"
"16011F4";"IS";"Island"
"16012F";"DK";"Danmark"
"16012F";"IS";"Island"
"1601F";"DK";"Danmark"
"1601F";"IS";"Island"
"160245S";"DK-SV";"Danmark - Sverige"
"1603F";"DK";"Danmark"
"1603F";"IS";"Island"
"1603F4";"DK";"Danmark"
"1603F4";"IS";"Island"
"1603F4";"SE";"Sverige"
"1603FH";"DK";"Danmark"
"1603FH";"IS";"Island"
"1608F";"DK";"Danmark"
"1608F";"IS";"Island"
"1610F";"DK-SV";"Danamrk Sverige"
"1610L";"DK-SV";"Danmark-Sverige"
"1610L";"IS";"Island"
"1614DR";"DK-SV";"Danmark-Sverige"
"1614DR";"IS";"Island"
"1614F";"DK";"Danmark"
"1614F";"IS";"Island"
"1614R";"DK-SV";"Danmark-Sverige"
"1614R";"IS";"Island"
"1614TR";"DK-SV";"Danmark-Sverige"
"1614TR";"IS";"Island"
"1614TRS";"DK-SV";"Danmark-Sverige"
"1620";"DK-SV";"Danmark-Sverige"
"1620";"IS";"Island"
"162040S";"DK-SV";"Danmark-Sverige"
"162040S";"IS";"Island"
"162045S";"DK-SV";"Danmark-Sverige"
"162045S";"IS";"Island"
"162055S";"DK-SV";"Danmark-Sverige"
"1620D";"DK-SV";"Danmark-Sverige"
"1620D";"IS";"Island"
"1620DR";"DK-SV";"Danmark-Sverige"
"1620DR";"IS";"Island"
"1620F";"DK";"Danmark"
"1620F";"IS";"Island"
"1620L";"DK-SV";"Danmark-Sverige"
"1620L";"IS";"Island"
"1620TR";"DK-SV";"Danmark-Sverige"
"1620TR";"IS";"Island"
"1620TRS";"DK-SV";"Danmark-Sverige"
"1640";"DK-SV";"Danmark-Sverige"
"1640";"IS";"Island"
"164045S";"DK-SV";"Danmark-Sverige"
"164045S";"IS";"Island"
"164055S";"DK-SV";"Danmark-Sverige"
"164055S";"IS";"Island"
"1640D";"DK-SV";"Danmark-Sverige"
"1640D";"IS";"Island"
"1640DR";"DK-SV";"Danmark-Sverige"
"1640DR";"IS";"Island"
"1640F";"DK";"Danmark"
"1640F";"IS";"Island"
"1640L";"DK-SV";"Danmark-Sverige"
"1640L";"IS";"Island"
"1650";"DK-SV";"Danmark - Sverige"
"165045S";"DK-SV";"Danmark-Sverige"
"165045S";"IS";"Island"
"165055DS";"DK-SV";"Danmark-Sverige"
"165055DS";"IS";"Island"
"165055S";"DK-SV";"Danmark-Sverige"
"165055S";"IS";"Island"
"1650D";"DK-SV";"Danmark-Sverige"
"1650D";"IS";"Island"
"1650F";"DK";"Danmark"
"1650F";"IS";"Island"
"1661HT";"DK-SV";"Danmark-Sverige"
"1661HT";"IS";"Island"
"1663HT";"DK-SV";"Danmark-Sverige"
"1663HT";"IS";"Island"
"1665LHT";"DK-SV";"Danmark-Sverige"
"1665LHT";"IS";"Island"
"1671";"DK-SV";"Danmark-Sverige"
"1671";"IS";"Island"
"167130PSG";"DK-SV";"Danmark-Sverige"
"167130SG";"DK-SV";"Danmark-Sverige"
"1671D";"DK-SV";"Danmark-Sverige"
"1671D";"IS";"Island"
"1671DL";"DK-SV";"Danmark-Sverige"
"1671DR";"DK-SV";"Danmark-Sverige"
"1671DR";"IS";"Island"
"1671DRS";"DK-SV";"Danmark-Sverige"
"1671L";"DK-SV";"Danmark-Sverige"
"1671L";"IS";"Island"
"1704M";"DK";"Danmark"
"1704M";"IS";"Island"
"1710F";"DK";"Danmark"
"1710F";"IS";"Island"
"1710M";"DK";"Danmark"
"1710M";"IS";"Island"
"1710M";"SE";"Sverige"
"1710S";"DK-SV";"Danmark-Sverige"
"1710S";"IS";"Island"
"1740";"DK-SV";"Danmark-Sverige"
"1740";"IS";"Island"
"1750F";"DK";"Danmark"
"1750F";"IS";"Island"
"1750M";"DK";"Danmark"
"1750M";"IS";"Island"
"1750S";"DK-SV";"Danmark-Sverige"
"1750S";"IS";"Island"
"1810";"DK-SV";"Danmark-Sverige"
"1810";"IS";"Island"
"181018";"DK-SV";"Danmark-Sverige"
"181018";"IS";"Island"
"181050S";"DK-SV";"Danmark-Sverige"
"181050S";"IS";"Island"
"181055S";"DK-SV";"Danmark-Sverige"
"181060S";"DK-SV";"Danmark-Sverige"
"1820";"DK-SV";"Danmark-Sverige"
"1820";"IS";"Island"
"182018";"DK-SV";"Danmark-Sverige"
"182018";"IS";"Island"
"182050S";"DK-SV";"Danmark-Sverige"
"182050S";"IS";"Island"
"182055S";"DK-SV";"Danmark-Sverige"
"182055S";"IS";"Island"
"182060S";"DK-SV";"Danmark-Sverige"
"182060S";"IS";"Island"
"1850";"DK-SV";"Danmark-Sverige"
"1850";"IS";"Island"
"185018";"DK-SV";"Danmark-Sverige"
"185018";"IS";"Island"
"185050S";"DK-SV";"Danmark-Sverige"
"185050S";"IS";"Island"
"185050SH";"DK-SV";"Danmark-Sverige"
"185050SH";"IS";"Island"
"185055S";"DK-SV";"Danmark-Sverige"
"185055S";"IS";"Island"
"185060S";"DK-SV";"Danmark-Sverige"
"185060S";"IS";"Island"
"185060SB";"DK";"Danmark"
"185060SB";"DK-SV";"Danmark-Sverige"
"185060SB";"IS";"Island"
"185060SB";"Sv";"Sverige"
"1884";"DK-SV";"Danmark - Sverige"
"1885";"DK-SV";"Danmark-Sverige"
"1885";"IS";"Island"
"1887";"DK-SV";"Danmark-Sverige"
"1887";"IS";"Island"
"1888";"DK-SV";"Danmark-Sverige"
"1888";"IS";"Island"
"188818";"DK-SV";"Danmark-Sverige"
"188818";"IS";"Island"
"188850S";"DK-SV";"Danmark-Sverige"
"188850S";"IS";"Island"
"191025S";"DK-SV";"Danmark-Sverige"
"191025S";"IS";"Island"
"191035S";"DK-SV";"Danmark-Sverige"
"191035S";"IS";"Island"
"1914R";"DK-SV";"Danmark-Sverige"
"1914R";"IS";"Island"
"1950R";"DK-SV";"Danmark-Sverige"
"1950R";"IS";"Island"
"1979R";"DK-SV";"Danmark-Sverige"
"1979R";"IS";"Island"
"200425S";"DK-SV";"Danmark-Sverige"
"200425S";"IS";"Island"
"201025S";"DK-SV";"Danmark Sverige"
"201035S";"DK-SV";"Danmark-Sverige"
"201035S";"IS";"Island"
"201045S";"DK-SV";"Danmark-Sverige"
"201045S";"IS";"Island"
"201055S";"DK-SV";"Danmrk - Sverige"
"205025";"DK-SV";"Danmark-Sverige"
"205025";"IS";"Island"
"205045S";"DK-SV";"Danmark-Sverige"
"205045S";"IS";"Island"
"205050S";"DK-SV";"Danmark-Sverige"
"205050S";"IS";"Island"
"205055S";"DK-SV";"Danmark-Sverige"
"208525";"DK-SV";"Danmark-Sverige"
"208525";"IS";"Island"
"2114R";"DK-SV";"Danmark-Sverige"
"2114R";"IS";"Island"
"2133";"DK-SV";"Danmark-Sverige"
"2133";"IS";"Island"
"21344";"DK-SV";"Danmark - Sverige"
"21344";"IS";"Island"
"21387";"DK-SV";"Danmark-Sverige"
"21387";"IS";"Island"
"2150134R";"DK-SV";"Danmark-Sverige"
"2150134R";"IS";"Island"
"2214R";"DK-SV";"Danmark-Sverige"
"2214R";"IS";"Island"
"2306";"DK-SV";"Danmark-Sverige"
"2306";"IS";"Island"
"301002";"DK-SV";"Danmark-Sverige"
"301002";"IS";"Island"
"301008";"DK-SV";"Danmark-Sverige"
"301008";"IS";"Island"
"302002";"DK-SV";"Danmark-Sverige"
"302002";"IS";"Island"
"302008";"DK-SV";"Danmark-Sverige"
"302008";"IS";"Island"
"305002";"DK-SV";"Danmark-Sverige"
"305002";"IS";"Island"
"305008";"DK-SV";"Danmark-Sverige"
"305008";"IS";"Island"
"308802";"DK-SV";"Danmark-Sverige"
"308802";"IS";"Island"
"311018";"DK-SV";"Danmark-Sverige"
"311018";"IS";"Island"
"312002";"DK-SV";"Danmark-Sverige"
"312002";"IS";"Island"
"312008";"DK-SV";"Danmark-Sverige"
"312008";"IS";"Island"
"312018";"DK-SV";"Danmark-Sverige"
"312018";"IS";"Island"
"312018Q";"DK-SV";"Danmark-Sverige"
"312018Q";"IS";"Island"
"312023";"DK-SV";"Danmark-Sverige"
"312023";"IS";"Island"
"314018";"DK-SV";"Danmark-Sverige"
"314018";"IS";"Island"
"315002";"DK-SV";"Danmark-Sverige"
"315002";"IS";"Island"
"315008";"DK-SV";"Danmark-Sverige"
"315008";"IS";"Island"
"315008Q";"DK-SV";"Danmark-Sverige"
"315008Q";"IS";"Island"
"315012";"DK-SV";"Danmark-Sverige"
"315012";"IS";"Island"
"315018";"DK-SV";"Danmark-Sverige"
"315018";"IS";"Island"
"315018Q";"DK-SV";"Danmark-Sverige"
"315018Q";"IS";"Island"
"315020";"DK-SV";"Danmark-Sverige"
"315020";"IS";"Island"
"315023";"DK-SV";"Danmark-Sverige"
"315023";"IS";"Island"
"318502";"DK-SV";"Danmark-Sverige"
"318502";"IS";"Island"
"318508";"DK-SV";"Danmark-Sverige"
"318508";"IS";"Island"
"318518";"DK-SV";"Danmark-Sverige"
"318518";"IS";"Island"
"318802";"DK-SV";"Danmark-Sverige"
"318802";"IS";"Island"
"318808";"DK-SV";"Danmark-Sverige"
"318808";"IS";"Island"
"318812";"DK-SV";"Danmark-Sverige"
"318812";"IS";"Island"
"318818";"DK-SV";"Danmark-Sverige"
"318818";"IS";"Island"
"322002P";"DK-SV";"Danmark-Sverige"
"322002P";"IS";"Island"
"322003P";"DK-SV";"Danmark-Sverige"
"322003P";"IS";"Island"
"322004P";"DK-SV";"Danmark-Sverige"
"322004P";"IS";"Island"
"322005P";"DK-SV";"Danmark-Sverige"
"322005P";"IS";"Island"
"322007P";"DK-SV";"Danmark-Sverige"
"322007P";"IS";"Island"
"322010P";"DK-SV";"Danmark-Sverige"
"322010P";"IS";"Island"
"325001P";"DK-SV";"Danmark-Sverige"
"325001P";"IS";"Island"
"325002P";"DK-SV";"Danmark-Sverige"
"325002P";"IS";"Island"
"325003P";"DK-SV";"Danmark-Sverige"
"325003P";"IS";"Island"
"325004P";"DK-SV";"Danmark-Sverige"
"325004P";"IS";"Island"
"325005P";"DK-SV";"Danmark-Sverige"
"325005P";"IS";"Island"
"325007P";"DK-SV";"Danmark-Sverige"
"325007P";"IS";"Island"
"325010P";"DK-SV";"Danmark-Sverige"
"325010P";"IS";"Island"
"325020P";"DK-SV";"Danmark-Sverige"
"325020P";"IS";"Island"
"325035P";"DK-SV";"Danmark-Sverige"
"325035P";"IS";"Island"
"327135P";"DK-SV";"Danmark-Sverige"
"327135P";"IS";"Island"
"328502P";"DK-SV";"Danmark-Sverige"
"328502P";"IS";"Island"
"328504P";"DK-SV";"Danmark-Sverige"
"328504P";"IS";"Island"
"328505P";"DK-SV";"Danmark-Sverige"
"328505P";"IS";"Island"
"332015P";"DK-SV";"Danmark-Sverige"
"332015P";"IS";"Island"
"332030P";"DK-SV";"Danmark-Sverige"
"332030P";"IS";"Island"
"332050P";"DK-SV";"Danmark-Sverige"
"332050P";"IS";"Island"
"332070P";"DK-SV";"Danmark-Sverige"
"332070P";"IS";"Island"
"335015P";"DK-SV";"Danmark-Sverige"
"335015P";"IS";"Island"
"335020P";"DK-SV";"Danmark-Sverige"
"335020P";"IS";"Island"
"335030P";"DK-SV";"Danmark-Sverige"
"335030P";"IS";"Island"
"335050P";"DK-SV";"Danmark-Sverige"
"335050P";"IS";"Island"
"335070P";"DK-SV";"Danmark-Sverige"
"335070P";"IS";"Island"
"338515P";"DK-SV";"Danmark-Sverige"
"338515P";"IS";"Island"
"338550P";"DK-SV";"Danmark-Sverige"
"338550P";"IS";"Island"
"338850P";"DK-SV";"Danmark-Sverige"
"338850P";"IS";"Island"
"391010";"DK-SV";"Danmark-Sverige"
"391010";"IS";"Island"
"392005";"DK-SV";"Danmark-Sverige"
"392005";"IS";"Island"
"392010";"DK-SV";"Danmark-Sverige"
"392010";"IS";"Island"
"392010Q";"DK-SV";"Danmark-Sverige"
"392010Q";"IS";"Island"
"395005";"DK-SV";"Danmark-Sverige"
"395005";"IS";"Island"
"395005P";"DK-SV";"Danmark-Sverige"
"395005P";"IS";"Island"
"395010";"DK-SV";"Danmark-Sverige"
"395010";"IS";"Island"
"395010P";"DK-SV";"Danmark-Sverige"
"395010P";"IS";"Island"
"395010Q";"DK-SV";"Danmark-Sverige"
"395010Q";"IS";"Island"
"398510";"DK-SV";"Danmark-Sverige"
"398510";"IS";"Island"
"398510P";"DK-SV";"Danmark-Sverige"
"398510P";"IS";"Island"
"398710";"DK-SV";"Danmark-Sverige"
"398710";"IS";"Island"
"40200606";"DK-SV";"Danmark-Sverige"
"40200606";"IS";"Island"
"40500102";"DK-SV";"Danmark-Sverige"
"40500102";"IS";"Island"
"40500103";"DK-SV";"Danmark-Sverige"
"40500103";"IS";"Island"
"40500606";"DK-SV";"Danmark-Sverige"
"40500606";"IS";"Island"
"40850606";"DK-SV";"Danmark-Sverige"
"40850606";"IS";"Island"
"40880103";"DK-SV";"Danmark-Sverige"
"40880103";"IS";"Island"
"40880606";"DK-SV";"Danmark-Sverige"
"40880606";"IS";"Island"
"41500301";"DK-SV";"Danmark-Sverige"
"41500301";"IS";"Island"
"42200215";"DK-SV";"Danmark-Sverige"
"42200215";"IS";"Island"
"42200230";"DK-SV";"Danmark-Sverige"
"42200230";"IS";"Island"
"42500215";"DK-SV";"Danmark-Sverige"
"42500215";"IS";"Island"
"42500230";"DK-SV";"Danmark-Sverige"
"42500230";"IS";"Island"
"43500401P";"DK-SV";"Danmark-Sverige"
"43500401P";"IS";"Island"
"4350180201";"DK-SV";"Danmark-Sverige"
"4350180201";"IS";"Island"
"43850401P";"DK-SV";"Danmark-Sverige"
"43850401P";"IS";"Island"
"4710P";"DK-SV";"Danmark-Sverige"
"4710P";"IS";"Island"
"472002P";"DK-SV";"Danmark-Sverige"
"472002P";"IS";"Island"
"4720P";"DK-SV";"Danmark-Sverige"
"4720P";"IS";"Island"
"475002P";"DK-SV";"Danmark-Sverige"
"475002P";"IS";"Island"
"4750P";"DK-SV";"Danmark-Sverige"
"4750P";"IS";"Island"
"4750PQ";"DK-SV";"Danmark-Sverige"
"4750PQ";"IS";"Island"
"478502P";"DK-SV";"Danmark-Sverige"
"478502P";"IS";"Island"
"4785P";"DK-SV";"Danmark-Sverige"
"4785P";"IS";"Island"
"478802P";"DK-SV";"Danmark-Sverige"
"478802P";"IS";"Island"
"4788P";"DK-SV";"Danmark-Sverige"
"4788P";"IS";"Island"
"4810P";"DK-SV";"Danmark-Sverige"
"4810P";"IS";"Island"
"4820P";"DK-SV";"Danmark-Sverige"
"4820P";"IS";"Island"
"4850P";"DK-SV";"Danmark-Sverige"
"4850P";"IS";"Island"
"4885P";"DK-SV";"Danmark-Sverige"
"4885P";"IS";"Island"
"501010211179";"DK-SV";"Danmark-Sverige"
"501010211179";"IS";"Island"
"50101021117950S";"DK-SV";"Danmark-Sverige"
"50101021117950S";"IS";"Island"
"501010351165";"DK-SV";"Danmark-Sverige"
"501010351165";"IS";"Island"
"50101095";"DK-SV";"Danmark-Sverige"
"501011601440";"DK-SV";"Danmark-Sverige"
"501011601440";"IS";"Island"
"501011801S";"DK-SV";"Danmark-Sverige"
"501011801S";"IS";"Island"
"50101865S";"DK-SV";"Danmark-Sverige"
"50101865S";"IS";"Island"
"502010021198";"DK-SV";"Danmark-Sverige"
"502010021198";"IS";"Island"
"502010081192";"DK-SV";"Danmark-Sverige"
"502010081192";"IS";"Island"
"50201021117950S";"DK-SV";"Danmark-Sverige"
"50201021117950S";"IS";"Island"
"50201095";"DK-SV";"Danmark-Sverige"
"50201199";"DK-SV";"Danmark-Sverige"
"502012902010S";"DK-SV";"Danmark-Sverige"
"502012902010S";"IS";"Island"
"502014071893";"DK-SV";"Danmark-Sverige"
"502014071893";"IS";"Island"
"50201670";"DK-SV";"Danmark-Sverige"
"505010011199";"DK-SV";"Danmark-Sverige"
"505010011199";"IS";"Island"
"505010201180";"DK-SV";"Danmark-Sverige"
"505010201180";"IS";"Island"
"505010211179";"DK-SV";"Danmark-Sverige"
"505010211179";"IS";"Island"
"50501021117950S";"DK-SV";"Danmark-Sverige"
"50501021117950S";"IS";"Island"
"50501021117955S";"DK-SV";"Danmark-Sverige"
"50501021117955S";"IS";"Island"
"50501095";"DK-SV";"Danmark-Sverige"
"505010951605";"DK-SV";"Danmark-Sverige"
"505010951605";"IS";"Island"
"505011601440";"DK-SV";"Danmark-Sverige"
"505011601440";"IS";"Island"
"50501170";"DK-SV";"Danmark-Sverige"
"505011801";"DK-SV";"Danmark-Sverige"
"505011801";"IS";"Island"
"505011801S";"DK-SV";"Danmark-Sverige"
"505011801S";"IS";"Island"
"505011802S";"DK-SV";"Danmark-Sverige"
"505011802S";"IS";"Island"
"50501185";"DK-SV";"Danmark-Sverige"
"50501186";"DK-SV";"Danmark-Sverige"
"50501188";"DK-SV";"Danmark-Sverige"
"505011901";"DK-SV";"Danmark - Sverige"
"50501195";"DK-SV";"Danmark-Sverige"
"505011961404";"DK-SV";"Danmark-Sverige"
"505011961404";"IS";"Island"
"505011961404S";"DK-SV";"Danmark-Sverige"
"505011961404S";"IS";"Island"
"505011981402";"DK-SV";"Danmark-Sverige"
"505011981402";"IS";"Island"
"505011991401";"DK-SV";"Danmark-Sverige"
"505011991401";"IS";"Island"
"5050119971603S";"DK-SV";"Danmark-Sverige"
"5050119971603S";"IS";"Island"
"50501256";"DK-SV";"Danmark-Sverige"
"50501256";"IS";"Island"
"5050126818301102P";"DK-SV";"Danmark-Sverige"
"5050126818301102P";"IS";"Island"
"5050126918301001";"DK-SV";"Danmark - Sverige"
"5050126918301001";"IS";"Island"
"505012921108";"DK-SV";"Danmark-Sverige"
"505012921108";"IS";"Island"
"505012981402";"DK-SV";"Danmark-Sverige"
"505012981402";"IS";"Island"
"505014751625";"DK-SV";"Danmark-Sverige"
"505014751625";"IS";"Island"
"505018281S";"DK-SV";"Danmark-Sverige"
"505018281S";"IS";"Island"
"50501840P";"DK-SV";"Danmark-Sverige"
"50501840P";"IS";"Island"
"50501840S";"DK-SV";"Danmark-Sverige"
"50501840S";"IS";"Island"
"50501861P";"DK-SV";"Danmark-Sverige"
"50501861P";"IS";"Island"
"50501861S";"DK-SV";"Danmark-Sverige"
"50501861S";"IS";"Island"
"50501865S";"DK-SV";"Danmark-Sverige"
"50501865S";"IS";"Island"
"505018741S";"DK-SV";"Danmark-Sverige"
"505018741S";"IS";"Island"
"50501881P";"DK-SV";"Danmark-Sverige"
"50501881P";"IS";"Island"
"50501881S";"DK-SV";"Danmark-Sverige"
"50501881S";"IS";"Island"
"50501882S";"DK-SV";"Danmark-Sverige"
"50501882S";"IS";"Island"
"50502495";"DK-SV";"Danmark-Sverige"
"5050471";"DK-SV";"Danmark-Sverige"
"5050471";"IS";"Island"
"5050472";"DK-SV";"Danmark-Sverige"
"5050472";"IS";"Island"
"5050473";"DK-SV";"Danmark-Sverige"
"5050473";"IS";"Island"
"508314751625";"DK-SV";"Danmark-Sverige"
"508314751625";"IS";"Island"
"508510211179";"DK-SV";"Danmark-Sverige"
"508510211179";"IS";"Island"
"50851021117950S";"DK-SV";"Danmark-Sverige"
"50851021117950S";"IS";"Island"
"508512981402";"DK-SV";"Danmark-Sverige"
"508512981402";"IS";"Island"
"508518601440";"DK-SV";"Danmark-Sverige"
"508518601440";"IS";"Island"
"5085471";"DK-SV";"Danmark-Sverige"
"5085471";"IS";"Island"
"5085472";"DK-SV";"Danmark-Sverige"
"5085472";"IS";"Island"
"5088471";"DK-SV";"Danmark-Sverige"
"5088471";"IS";"Island"
"5088472";"DK-SV";"Danmark-Sverige"
"5088472";"IS";"Island"
"510210401360F";"DK";"Danmark"
"510210401360F";"IS";"Island"
"510510401360F";"DK";"Danmark"
"510510401360F";"IS";"Island"
"510510401360M";"DK";"Danmark"
"510510401360M";"SV";"Sverige"
"510510501750M";"DK";"Danmark"
"510510501750M";"SV";"Sverige"
"510510951605F";"DK";"Danmark"
"510510951605F";"IS";"Island"
"51201169F";"DK";"Danmark"
"51201169F";"SV";"Sverige"
"51201170F";"DK-SV";"Danmark-Sverige"
"51201170M";"DK";"Danmark"
"51201170M";"SV";"Sverige"
"51201171F";"DK-SV";"Danmark-Sverige"
"51201171M";"DK";"Danmark"
"51201171M";"SV";"Sverige"
"51201172F";"DK-SV";"Danmark-Sverige"
"51201172M";"DK";"Danmark"
"51201172M";"SV";"Sverige"
"512011781F";"DK";"Danmark"
"512011781F";"SV";"Sverige"
"512011781M";"DK";"Danmark"
"512011781M";"SV";"Sverige"
"51201178F";"DK-SV";"Danmark-Sverige"
"51201178M";"DK";"Danmark"
"51201178M";"SV";"Sverige"
"51201185F";"DK";"Danmark"
"51201185F";"SV";"Sverige"
"51201185M";"DK";"Danmark"
"51201879F";"DK";"Danmark"
"51201879F";"SV";"Sverige"
"51201879M";"DK";"Danmark"
"51202495F";"DK";"Danmark"
"51202495F";"SV";"Sverige"
"51202495M";"DK";"Danmark"
"51202499F";"DK";"Danmark"
"51202499F";"IS";"Island"
"51202499F";"SV";"Sverige"
"515010101890F";"DK";"Danmark"
"515010101890F";"IS";"Island"
"515010141886F";"DK";"Danmark"
"515010141886F";"IS";"Island"
"515010161884F";"DK";"Danmark"
"515010161884F";"IS";"Island"
"515010201180F";"DK";"Danmark"
"515010201180F";"IS";"Island"
"5150102111691809F";"DK";"Danmark"
"5150102111691809F";"IS";"Island"
"5150102111731606F";"DK";"Danmark"
"5150102111731606F";"IS";"Island"
"51501021178F";"DK";"Danmark"
"51501021178F";"IS";"Island"
"515010281172F";"DK";"Danmark"
"515010281172F";"IS";"Island"
"515010301670F";"DK";"Danmark"
"515010301670F";"IS";"Island"
"515010401160F";"DK";"Danmark"
"515010401160F";"IS";"Island"
"515010401160F";"SV";"Sverige"
"515010461154F";"DK";"Danmark"
"515010461154F";"IS";"Island"
"515010501850F";"DK";"Danmark"
"515010501850F";"IS";"Island"
"515010601140F";"DK";"Danmark"
"515010601140F";"IS";"Island"
"515010661834F";"DK";"Danmark"
"515010661834F";"IS";"Island"
"515010951605F";"DK";"Danmark"
"515010951605F";"IS";"Island"
"51501141F";"DK";"Danmark"
"51501141F";"IS";"Island"
"51501141F";"SV";"Sverige"
"515011801F";"DK";"Danmark"
"515011801F";"IS";"Island"
"51501188F";"DK";"Danmark"
"51501190F";"DK";"Danmark"
"515011991601F";"DK";"Danmark"
"515011991601F";"IS";"Island"
"515011991603F";"DK";"Danmark"
"515011991603F";"IS";"Island"
"515013951605F";"DK";"Danmark"
"515013951605F";"IS";"Island"
"520511801620L";"DK-SV";"Danmark-Sverige"
"522010701630L";"DK-SV";"Danmark-Sverige"
"522010701630L";"IS";"Island"
"522011701630L";"DK-SV";"Danmark-Sverige"
"522011701630L";"IS";"Island"
"522011801620L";"DK-SV";"Danmark-Sverige"
"522011801620L";"IS";"Island"
"525010701630L";"DK-SV";"Danmark-Sverige"
"525010701630L";"IS";"Island"
"525010801620L";"DK-SV";"Danmark-Sverige"
"525010801620L";"IS";"Island"
"525010901610L";"DK-SV";"Danmark-Sverige"
"525010901610L";"IS";"Island"
"525011501650L";"DK-SV";"Danmark-Sverige"
"525011501650L";"IS";"Island"
"525011701630L";"DK-SV";"Danmark-Sverige"
"525011701630L";"IS";"Island"
"525011801620L";"DK-SV";"Danmark-Sverige"
"525011801620L";"IS";"Island"
"528510701630L";"DK-SV";"Danmark-Sverige"
"528510701630L";"IS";"Island"
"528510801620L";"DK-SV";"Danmark-Sverige"
"528510801620L";"IS";"Island"
"528510901610L";"DK-SV";"Danmark-Sverige"
"528510901610L";"IS";"Island"
"528511701630L";"DK-SV";"Danmark-Sverige"
"528511701630L";"IS";"Island"
"528511801620L";"DK-SV";"Danmark-Sverige"
"528511801620L";"IS";"Island"
"550124991S";"DK-SV";"Danmark - Sverige"
"550124992S";"DK-SV";"Danmark - Sverige"
"55012499S";"DK-SV";"Danmark - Sverige"
"550224981S";"DK-SV";"Danmark-Sverige"
"550224982S";"DK-SV";"Danmark-Sverige"
"55022498S";"DK-SV";"Danmark-Sverige"
"550224991S";"DK-SV";"Danmark-Sverige"
"55022499S";"DK-SV";"Danmark-Sverige"
"55051095S";"DK-SV";"Danmark-Sverige"
"55051183S";"DK-SV";"Danmark-Sverige"
"55051192S";"DK-SV";"Danmark - Sverige"
"55051198S";"DK-SV";"Danmark-Sverige"
"55051890S";"DK-SV";"Danmark-Sverige"
"551010211178S";"DK-SV";"Danmark-Sverige"
"551010211178S";"IS";"Island"
"55101088S";"DK-SV";"Danmark-Sverige"
"55101088S";"IS";"Island"
"55101090S";"DK-SV";"Danmark-Sverige"
"55101110S";"DK-SV";"Danmark-Sverige"
"5510116810211410220S";"DK-SV";"Danmark-Sverige"
"5510116810211410220S";"IS";"Island"
"55101175S";"DK-SV";"Danmark-Sverige"
"55101176S";"DK-SV";"Danmark - Sverige"
"551011771S";"DK-SV";"Danmark-Sverige"
"55101177S";"DK-SV";"Danmark-Sverige"
"551011781S";"DK-SV";"Danmark-Sverige"
"551011782S";"DK-SV";"Danmark-Sverige"
"55101178S";"DK-SV";"Danmark-Sverige"
"551011791S";"DK-SV";"Danmark-Sverige"
"551011792S";"DK-SV";"Danmark-Sverige"
"55101179S";"DK-SV";"Danmark - Sverige"
"551011801S";"DK-SV";"Danmark-Sverige"
"55101180S";"DK-SV";"Danmark-Sverige"
"551011921S";"DK-SV";"Danmark- Sverige"
"55101192S";"DK-SV";"Danmark-Sverige"
"551011951S";"DK-SV";"Danmark - Sverige"
"55101195S";"DK-SV";"Danmark-Sverige"
"55101195S";"IS";"Island"
"55101196S";"DK-SV";"Danmark-Sverige"
"551011981S";"DK-SV";"Danmark-Sverige"
"55101198S";"DK-SV";"Danmark-Sverige"
"551011991001S";"DK-SV";"Danmark-Sverige"
"551011991001S";"IS";"Island"
"5510119910S";"DK-SV";"Danmark-Sverige"
"5510119911S";"DK-SV";"Danmark-Sverige"
"5510119912S";"DK-SV";"Danmark-Sverige"
"5510119913S";"DK-SV";"Danmark-Sverige"
"5510119914S";"DK-SV";"Danmark-Sverige"
"5510119915S";"DK-SV";"Danmark-Sverige"
"5510119916S";"DK-SV";"Danmark-Sverige"
"5510119917S";"DK-SV";"Danmark-Sverige"
"5510119918S";"DK-SV";"Danmark-Sverige"
"5510119919S";"DK-SV";"Danmark-Sverige"
"551011991S";"DK-SV";"Danmark-Sverige"
"5510119920S";"DK-SV";"Danmark-Sverige"
"5510119921S";"DK-SV";"Danmark-Sverige"
"5510119922S";"DK-SV";"Danmark-Sverige"
"5510119923S";"DK-SV";"Danmark-Sverige"
"5510119924S";"DK-SV";"Danmark-Sverige"
"5510119925S";"DK-SV";"Danmark-Sverige"
"5510119926S";"DK-SV";"Danmark-Sverige"
"5510119927S";"DK-SV";"Danmark-Sverige"
"5510119928S";"DK-SV";"Danmark-Sverige"
"5510119929S";"DK-SV";"Danmark-Sverige"
"551011992S";"DK-SV";"Danmark-Sverige"
"5510119930S";"DK-SV";"Danmark-Sverige"
"5510119931S";"DK-SV";"Danmark-Sverige"
"5510119932S";"DK-SV";"Danmark-Sverige"
"5510119933S";"DK-SV";"Danmark-Sverige"
"5510119935S";"DK-SV";"Danmark-Sverige"
"5510119936S";"DK-SV";"Danmark-Sverige"
"5510119937S";"DK-SV";"Danmark-Sverige"
"5510119938S";"DK-SV";"Danmark-Sverige"
"5510119939S";"DK-SV";"Danmark - Sverige"
"551011993S";"DK-SV";"Danmark-Sverige"
"551011994S";"DK-SV";"Danmark-Sverige"
"551011995S";"DK-SV";"Danmark-Sverige"
"551011996S";"DK-SV";"Danmark-Sverige"
"551011997S";"DK-SV";"Danmark-Sverige"
"551011998S";"DK-SV";"Danmark-Sverige"
"551011999S";"DK-SV";"Danmark-Sverige"
"55101199S";"DK-SV";"Danmark-Sverige"
"551024901S";"DK-SV";"Danmark-Sverige"
"551024901S";"IS";"Island"
"55102490S";"DK-SV";"Danmark-Sverige"
"55102490S";"IS";"Island"
"55102495S";"DK-SV";"Danmark-Sverige"
"551024991S";"DK-SV";"Danmark-Sverige"
"551024991S";"IS";"Island"
"551024992S";"DK-SV";"Danmark-Sverige"
"551024992S";"IS";"Island"
"551024993S";"DK-SV";"Danmark-Sverige"
"551024994S";"DK-SV";"Danmark-Sverige"
"551024995S";"DK-SV";"Danmark-Sverige"
"551024996S";"DK-SV";"Danmark-Sverige"
"55102499S";"DK-SV";"Danmark-Sverige"
"55102499S";"IS";"Island"
"551119915S";"DK-SV";"Danmark - Sverige"
"55201095S";"DK-SV";"Danmark-Sverige"
"552011791S";"DK-SV";"Danmark-Sverige"
"55201179S";"DK-SV";"Danmark-Sverige"
"55201180S";"DK-SV";"Danmark-Sverige"
"55201190S";"DK-SV";"Danmark-Sverige"
"55201195S";"DK-SV";"Danmark-Sverige"
"55201198S";"DK-SV";"Danmark-Sverige"
"552011991S";"DK-SV";"Danmark-Sverige"
"552011992S";"DK-SV";"Danmark-Sverige"
"552011993S";"DK-SV";"Danmark-Sverige"
"552011994S";"DK-SV";"Danmark-Sverige"
"552011995S";"DK-SV";"Danmark-Sverige"
"55201199S";"DK-SV";"Danmark-Sverige"
"55201275S";"DK-SV";"Danmark-Sverige"
"55201290S";"DK-SV";"Danmark-Sverige"
"55201295S";"DK-SV";"Danmark-Sverige"
"55201670S";"DK-SV";"Danmark-Sverige"
"55201899S";"DK-SV";"Danmark-Sverige"
"552024991S";"DK-SV";"Danmark-Sverige"
"552024992S";"DK-SV";"Danmark-Sverige"
"552024993S";"DK-SV";"Danmark-Sverige"
"55202499S";"DK-SV";"Danmark-Sverige"
"55202590S";"DK-SV";"Danmark-Sverige"
"55202592S";"DK-SV";"Danmark-Sverige"
"55202596S";"DK-SV";"Danmark-Sverige"
"552025971S";"DK-SV";"Danmark-Sverige"
"55202597S";"DK-SV";"Danmark-Sverige"
"552025991S";"DK-SV";"Danmark-Sverige"
"552025992S";"DK-SV";"Danmark-Sverige"
"552025993S";"DK-SV";"Danmark-Sverige"
"552025994S";"DK-SV";"Danmark-Sverige"
"5540100211861612S";"DK-SV";"Danmark-Sverige"
"5540100211861612S";"IS";"Island"
"5540100411891607S";"DK-SV";"Danmark-Sverige"
"5540100411891607S";"IS";"Island"
"5540100411901606S";"DK-SV";"Danmark-Sverige"
"5540100411901606S";"IS";"Island"
"5540100511921603S";"DK-SV";"Danmark-Sverige"
"5540100511921603S";"IS";"Island"
"5540100511931602S";"DK-SV";"Danmark-Sverige"
"5540100511931602S";"IS";"Island"
"5540100611741620S";"DK-SV";"Danmark-Sverige"
"5540100611741620S";"IS";"Island"
"5540100611881606S";"DK-SV";"Danmark-Sverige"
"5540100611881606S";"IS";"Island"
"5540100611921602S";"DK-SV";"Danmark-Sverige"
"5540100611921602S";"IS";"Island"
"5540101111861603S";"DK-SV";"Danmark-Sverige"
"5540101111861603S";"IS";"Island"
"5540101211831605S";"DK-SV";"Danmark-Sverige"
"5540101211831605S";"IS";"Island"
"5540101211841604S";"DK-SV";"Danmark-Sverige"
"5540101211841604S";"IS";"Island"
"5540101211851603S";"DK-SV";"Danmark-Sverige"
"5540101211851603S";"IS";"Island"
"5540101411831603S";"DK-SV";"Danmark-Sverige"
"5540101411831603S";"IS";"Island"
"5540101811791603S";"DK-SV";"Danmark-Sverige"
"5540101811791603S";"IS";"Island"
"5540101911751606S";"DK-SV";"Danmark-Sverige"
"5540101911751606S";"IS";"Island"
"5540101911791602S";"DK-SV";"Danmark-Sverige"
"5540101911791602S";"IS";"Island"
"5540102011781602S";"DK-SV";"Danmark-Sverige"
"5540102011781602S";"IS";"Island"
"5540102111771602S";"DK-SV";"Danmark-Sverige"
"5540102111771602S";"IS";"Island"
"5540102111781201S";"DK-SV";"Danmark-Sverige"
"5540102111781201S";"IS";"Island"
"5540102211761602S";"DK-SV";"Danmark-Sverige"
"5540102211761602S";"IS";"Island"
"5540102211771601S";"DK-SV";"Danmark-Sverige"
"5540102211771601S";"IS";"Island"
"5540102216751103S";"DK-SV";"Danmark-Sverige"
"5540102216751103S";"IS";"Island"
"5540102311791607S";"DK-SV";"Danmark-Sverige"
"5540102311791607S";"IS";"Island"
"5540102511231652S";"DK-SV";"Danmark-Sverige"
"5540102511231652S";"IS";"Island"
"554010251675S";"DK-SV";"Danmark-Sverige"
"554010251675S";"IS";"Island"
"5540103811531609S";"DK-SV";"Danmark-Sverige"
"5540103811531609S";"IS";"Island"
"5540103811551607S";"DK-SV";"Danmark-Sverige"
"5540103811551607S";"IS";"Island"
"5540103911521609S";"DK-SV";"Danmark-Sverige"
"5540103911521609S";"IS";"Island"
"5540103911531608S";"DK-SV";"Danmark-Sverige"
"5540103911531608S";"IS";"Island"
"5540103911541607S";"DK-SV";"Danmark-Sverige"
"5540103911541607S";"IS";"Island"
"5540104011521608S";"DK-SV";"Danmark-Sverige"
"5540104011521608S";"IS";"Island"
"5540104211531604S";"DK-SV";"Danmark-Sverige"
"5540104211531604S";"IS";"Island"
"5540104711441609S";"DK-SV";"Danmark-Sverige"
"5540104711441609S";"IS";"Island"
"5540104811431609S";"DK-SV";"Danmark-Sverige"
"5540104811431609S";"IS";"Island"
"5540107011211609S";"DK-SV";"Danmark-Sverige"
"5540107011211609S";"IS";"Island"
"554011241676S";"DK-SV";"Danmark-Sverige"
"554011241676S";"IS";"Island"
"554011891602S";"DK-SV";"Danmark-Sverige"
"554011891602S";"IS";"Island"
"554011931607S";"DK-SV";"Danmark-Sverige"
"554011931607S";"IS";"Island"
"554011991601S";"DK-SV";"Danmark-Sverige"
"554011991601S";"IS";"Island"
"55401654S";"DK-SV";"Danmark-Sverige"
"55401654S";"IS";"Island"
"555010021621S";"DK-SV";"Danmark-Sverige"
"55501094S";"DK-SV";"Danmark-Sverige"
"55501095S";"DK-SV";"Danmark-Sverige"
"55501141S";"DK-SV";"Danmark- Sverige"
"5550114918502001S";"DK-SV";"Danmark-Sverige"
"5550114918502001S";"IS";"Island"
"555011501850S";"DK-SV";"Danmark-Sverige"
"555011501850S";"IS";"Island"
"55501160S";"DK-SV";"Danmark-Sverige"
"55501160S";"IS";"Island"
"55501175S";"DK-SV";"Danmark-Sverige"
"55501176S";"DK-SV";"Danmark-Sverige"
"55501177S";"DK-SV";"Danmark-Sverige"
"555011791S";"DK-SV";"Danmark-Sverige"
"55501179S";"DK-SV";"Danmark-Sverige"
"555011801S";"DK-SV";"Danmark-Sverige"
"555011802S";"DK-SV";"Danmark-Sverige"
"555011803S";"DK-SV";"Danmark-Sverige"
"55501180S";"DK-SV";"Danmark-Sverige"
"55501180S";"IS";"Island"
"555011831S";"DK-SV";"Danmark-Sverige"
"55501183S";"DK-SV";"Danmark-Sverige"
"555011851S";"DK-SV";"Danmark-Sverige"
"55501185S";"DK-SV";"Danmark-Sverige"
"55501188S";"DK-SV";"Danmark-Sverige"
"55501189S";"DK-SV";"Danmark-Sverige"
"555011901S";"DK-SV";"Danmark-Sverige"
"555011902S";"DK-SV";"Danmark-Sverige"
"55501190S";"DK-SV";"Danmark - Sverige"
"55501191S";"DK-SV";"Danmark-Sverige"
"55501191S";"IS";"Island"
"55501192S";"DK-SV";"Danmark-Sverige"
"55501193S";"DK-SV";"Danmark-Sverige"
"55501194S";"DK-SV";"Danmark-Sverige"
"555011951S";"DK-SV";"Danmark-Sverige"
"555011952S";"DK-SV";"Danmark-Sverige"
"55501195S";"DK-SV";"Danmark-Sverige"
"55501196S";"DK-SV";"Danmark-Sverige"
"55501198S";"DK-SV";"Danmak-Sverige"
"5550119910S";"DK-SV";"Danmark - Sverige"
"5550119911S";"DK-SV";"Danmark-Sverige"
"555011991801S";"DK-SV";"Danmark-Sverige"
"555011991801S";"IS";"Island"
"555011991S";"DK-SV";"Danmark-Sverige"
"555011991S";"IS";"Island"
"555011992S";"DK-SV";"Danmark-Sverige"
"555011993S";"DK-SV";"Danmark-Sverige"
"555011994S";"DK-SV";"Danmark-Sverige"
"555011995S";"DK-SV";"Danmark-Sverige"
"555011996S";"DK-SV";"Danmark-Sverige"
"555011997S";"DK-SV";"Danmark-Sverige"
"555011998S";"DK-SV";"Danmark-Sverige"
"555011999S";"DK-SV";"Danmark-Sverige"
"55501199S";"DK-SV";"Danmark-Sverige"
"55501199S";"IS";"Island"
"55501250S";"DK-SV";"Danmark-Sverige"
"55501250S";"IS";"Island"
"55501280S";"DK-SV";"Danmark-Sverige"
"555012901S";"DK-SV";"Danmark-Sverige"
"555012901S";"IS";"Island"
"55501290S";"DK-SV";"Damark-Sverige"
"55501295S";"DK-SV";"Danmark-Sverige"
"55501295S";"IS";"Island"
"55501296S";"DK-SV";"Danmark-Sverige"
"55501296S";"IS";"Island"
"55501463162011162201";"DK-SV";"Danmark-Sverige"
"55501463162011162201";"IS";"Island"
"55501601110211178S";"DK-SV";"Danmark-Sverige"
"55501601110211178S";"IS";"Island"
"55501643S";"DK-SV";"Danmark-Sverige"
"55501678S";"DK-SV";"Danmark-Sverige"
"55501680S";"DK-SV";"Danmark-Sverige"
"55501690S";"DK-SV";"Danmark-Sverige"
"55501699S";"Dk-SV";"Danmark-Sverige"
"55501860S";"DK-SV";"Danmark-Sverige"
"55501860S";"IS";"Island"
"55501868S";"DK-SV";"Danmark-Sverige"
"55501875S";"DK-SV";"Danmark-Sverige"
"55501875S";"IS";"Island"
"55501879S";"DK-SV";"Danmark-Sverige"
"555018951S";"DK-SV";"Danmark-Sverige"
"55501895S";"DK-SV";"Danmark-Sverige"
"55501895S";"IS";"Island"
"55502090S";"DK-SV";"Danmark-Sverige"
"55502479S";"DK-SV";"Danmark-Sverige"
"555024901S";"DK-SV";"Danmark-Sverige"
"555024901S";"IS";"Island"
"55502490S";"DK-SV";"Danmark-Sverige"
"55502490S";"IS";"Island"
"55502495S";"DK-SV";"Danmark-Sverige"
"555024991S";"DK-SV";"Danmark - Sverige"
"55502499S";"DK-SV";"Danmark-Sverige"
"55502499S";"IS";"Island"
"560116S";"DK-SV";"Danmark-Sverige"
"560116S";"IS";"Island"
"56015348";"DK-SV";"Danmark-Sverige"
"56015348";"IS";"Island"
"5602S";"DK-SV";"Danmark-Sverige"
"5602S";"IS";"Island"
"560559";"DK-SV";"Danmark-Sverige"
"5605S";"DK-SV";"Danmark-Sverige"
"5605S";"IS";"Island"
"56105125S";"DK-SV";"Danmark-Sverige"
"56105125S";"IS";"Island"
"56105630S";"DK-SV";"Danmark-Sverige"
"56105630S";"IS";"Island"
"56105640S";"DK-SV";"Danmark-Sverige"
"56105640S";"IS";"Island"
"56105738";"DK-SV";"Danmark-Sverige"
"5610S";"DK-SV";"Danmark-Sverige"
"5610S";"IS";"Island"
"561226";"DK-SV";"Danmark-Sverige"
"562057";"DK-SV";"Danmark-Sverige"
"562057";"IS";"Island"
"5620S";"DK-SV";"Danmark-Sverige"
"5620S";"IS";"Island"
"564053";"DK-SV";"Danmark-Sverige"
"564057";"DK-SV";"Danmark-Sverige"
"564057";"IS";"Island"
"5640S";"DK-SV";"Danmark-Sverige"
"5640S";"IS";"Island"
"564758";"DK-SV";"Danmark-Sverige"
"564758";"IS";"Island"
"565011001S";"DK-SV";"Danmark-Sverige"
"565011001S";"IS";"Island"
"565011002S";"DK-SV";"Danmark-Sverige"
"565011002S";"IS";"Island"
"5650149010S";"DK-SV";"Danmark-Sverige"
"5650149010S";"IS";"Island"
"565051051195";"DK-SV";"Danmark-Sverige"
"565051051195";"IS";"Island"
"56505125S";"DK-SV";"Danmark-Sverige"
"56505125S";"IS";"Island"
"56505155S";"DK-SV";"Danmark-Sverige"
"56505630S";"DK-SV";"Danmark-Sverige"
"56505630S";"IS";"Island"
"56505810S";"DK-SV";"Danmark-Sverige"
"56505810S";"IS";"Island"
"56505850S";"DK-SV";"Danmark-Sverige"
"56505850S";"IS";"Island"
"565059";"DK-SV";"Danmark-Sverige"
"565059";"IS";"Island"
"565060S";"DK-SV";"Danmark-Sverige"
"565060S";"IS";"Island"
"565061";"DK-SV";"Danmark-Sverige"
"565061";"IS";"Island"
"5650S";"DK-SV";"Danmark-Sverige"
"5650S";"IS";"Island"
"57020201";"DK-SV";"Danmark-Sverige"
"57020201";"IS";"Island"
"57020203";"DK-SV";"Danmark-Sverige"
"57020203";"IS";"Island"
"57020204";"DK-SV";"Danmark-Sverige"
"57020204";"IS";"Island"
"57020301";"DK-SV";"Danmark-Sverige"
"57020301";"IS";"Island"
"57020303";"DK-SV";"Danmark-Sverige"
"57020303";"IS";"Island"
"57020304";"DK-SV";"Danmark-Sverige"
"57020304";"IS";"Island"
"57020401";"DK-SV";"Danmark-Sverige"
"57020401";"IS";"Island"
"57020403";"DK-SV";"Danmark-Sverige"
"57020403";"IS";"Island"
"57020404";"DK-SV";"Danmark-Sverige"
"57020404";"IS";"Island"
"57100201";"DK-SV";"Danmark-Sverige"
"57100201";"IS";"Island"
"57100203";"DK-SV";"Danmark-Sverige"
"57100203";"IS";"Island"
"57100204";"DK-SV";"Danmark-Sverige"
"57100204";"IS";"Island"
"57100301";"DK-SV";"Danmark-Sverige"
"57100301";"IS";"Island"
"57100303";"DK-SV";"Danmark-Sverige"
"57100303";"IS";"Island"
"57100304";"DK-SV";"Danmark-Sverige"
"57100304";"IS";"Island"
"57100401";"DK-SV";"Danmark-Sverige"
"57100401";"IS";"Island"
"57100403";"DK-SV";"Danmark-Sverige"
"57100403";"IS";"Island"
"57100404";"DK-SV";"Danmark-Sverige"
"57100404";"IS";"Island"
"57400201";"DK-SV";"Danmark-Sverige"
"57400201";"IS";"Island"
"57400203";"DK-SV";"Danmark-Sverige"
"57400203";"IS";"Island"
"57400204";"DK-SV";"Danmark-Sverige"
"57400204";"IS";"Island"
"57400301";"DK-SV";"Danmark-Sverige"
"57400301";"IS";"Island"
"57400303";"DK-SV";"Danmark-Sverige"
"57400303";"IS";"Island"
"57400304";"DK-SV";"Danmark-Sverige"
"57400304";"IS";"Island"
"57400401";"DK-SV";"Danmark-Sverige"
"57400401";"IS";"Island"
"57400403";"DK-SV";"Danmark-Sverige"
"57400403";"IS";"Island"
"57400404";"DK-SV";"Danmark-Sverige"
"57400404";"IS";"Island"
"57880201";"DK-SV";"Danmark - Sverige"
"58020101";"DK-SV";"Danmark-Sverige"
"58020101";"IS";"Island"
"58020102";"DK-SV";"Danmark-Sverige"
"58020102";"IS";"Island"
"58020103";"DK-SV";"Danmark-Sverige"
"58020103";"IS";"Island"
"58020104";"DK-SV";"Danmark-Sverige"
"58020104";"IS";"Island"
"58020201";"DK-SV";"Danmark-Sverige"
"58020201";"IS";"Island"
"58020202";"DK-SV";"Danmark-Sverige"
"58020202";"IS";"Island"
"58020203";"DK-SV";"Danmark-Sverige"
"58020203";"IS";"Island"
"58020204";"DK-SV";"Danmark-Sverige"
"58020204";"IS";"Island"
"58020301";"DK-SV";"Danmark-Sverige"
"58020301";"IS";"Island"
"58020302";"DK-SV";"Danmark-Sverige"
"58020302";"IS";"Island"
"58020303";"DK-SV";"Danmark-Sverige"
"58020303";"IS";"Island"
"58020304";"DK-SV";"Danmark-Sverige"
"58020304";"IS";"Island"
"58020401";"DK-SV";"Danmark-Sverige"
"58020401";"IS";"Island"
"58020402";"DK-SV";"Danmark-Sverige"
"58020402";"IS";"Island"
"58020403";"DK-SV";"Danmark-Sverige"
"58020403";"IS";"Island"
"58020404";"DK-SV";"Danmark-Sverige"
"58020404";"IS";"Island"
"5802S";"DK-SV";"Danmark-Sverige"
"58100101";"DK-SV";"Danmark-Sverige"
"58100101";"IS";"Island"
"58100102";"DK-SV";"Danmark-Sverige"
"58100102";"IS";"Island"
"58100103";"DK-SV";"Danmark-Sverige"
"58100103";"IS";"Island"
"58100104";"DK-SV";"Danmark-Sverige"
"58100104";"IS";"Island"
"58100201";"DK-SV";"Danmark-Sverige"
"58100201";"IS";"Island"
"58100202";"DK-SV";"Danmark-Sverige"
"58100202";"IS";"Island"
"58100203";"DK-SV";"Danmark-Sverige"
"58100203";"IS";"Island"
"58100204";"DK-SV";"Danmark-Sverige"
"58100204";"IS";"Island"
"58100301";"DK-SV";"Danmark-Sverige"
"58100301";"IS";"Island"
"58100302";"DK-SV";"Danmark-Sverige"
"58100302";"IS";"Island"
"58100303";"DK-SV";"Danmark-Sverige"
"58100303";"IS";"Island"
"58100304";"DK-SV";"Danmark-Sverige"
"58100304";"IS";"Island"
"58100401";"DK-SV";"Danmark-Sverige"
"58100401";"IS";"Island"
"58100402";"DK-SV";"Danmark-Sverige"
"58100402";"IS";"Island"
"58100403";"DK-SV";"Danmark-Sverige"
"58100403";"IS";"Island"
"58100404";"DK-SV";"Danmark-Sverige"
"58100404";"IS";"Island"
"58400101";"DK-SV";"Danmark-Sverige"
"58400101";"IS";"Island"
"58400102";"DK-SV";"Danmark-Sverige"
"58400102";"IS";"Island"
"58400103";"DK-SV";"Danmark-Sverige"
"58400103";"IS";"Island"
"58400104";"DK-SV";"Danmark-Sverige"
"58400104";"IS";"Island"
"58400201";"DK-SV";"Danmark-Sverige"
"58400201";"IS";"Island"
"58400202";"DK-SV";"Danmark-Sverige"
"58400202";"IS";"Island"
"58400203";"DK-SV";"Danmark-Sverige"
"58400203";"IS";"Island"
"58400204";"DK-SV";"Danmark-Sverige"
"58400204";"IS";"Island"
"58400301";"DK-SV";"Danmark-Sverige"
"58400301";"IS";"Island"
"58400302";"DK-SV";"Danmark-Sverige"
"58400302";"IS";"Island"
"58400303";"DK-SV";"Danmark-Sverige"
"58400303";"IS";"Island"
"58400304";"DK-SV";"Danmark-Sverige"
"58400304";"IS";"Island"
"58400401";"DK-SV";"Danmark-Sverige"
"58400401";"IS";"Island"
"58400402";"DK-SV";"Danmark-Sverige"
"58400402";"IS";"Island"
"58400403";"DK-SV";"Danmark-Sverige"
"58400403";"IS";"Island"
"58400404";"DK-SV";"Danmark-Sverige"
"58400404";"IS";"Island"
"9901";"DK";""
"9933M";"DK";""