".";"";"0";"0";"0";"0"
"10005M5";"Oxygen Med. 0,5 L. INVACARE std ventil";"0";"0";"0";"0"
"10005M6";"Oxygen Med. 0,5 L. INVACARE spareventil";"0";"0";"0";"0"
"1001";"Oxygen 1 L. 200 bar";"0";"0";"0";"0"
"1001M";"Oxygen MED LINE Pin/Stål 1 L. 200 bar";"12";"1";"0";"1"
"1001M3";"Oxygen MED LINE Pin/Komp 1 L. 200 bar";"12";"1";"0";"1"
"1001M5";"Oxygen Med. 1 L. INVACARE std ventil";"0";"0";"0";"0"
"1001M6";"Oxygen Med. 1 L. INVACARE spareventil";"0";"0";"0";"0"
"1002";"Oxygen 2 L. 200 bar";"0";"0";"0";"0"
"1002F";"Oxygen PHARMA LINE Pin/Stål 2 L. 200 bar";"36";"1";"0";"1"
"1002M";"Oxygen MED LINE Pin/Stål 2 L. 200 bar";"24";"1";"0";"1"
"1002M1";"Oxygen (Pin/Stål) Med. 2 L. 200 bar";"0";"0";"0";"0"
"1002M2";"Oxygen MED LINE Pin/Alu 2 L. 200 bar";"24";"1";"0";"1"
"1002M3";"Oxygen MED LINE Pin/Komp 2 L. 200 bar";"24";"1";"0";"1"
"1002M3Q";"Oxygen MED LINE KVIK-TOP Comp 2 L. 200 bar";"24";"1";"0";"1"
"1002M3Q2";"OXYGEN MED LINE Kvik-Top/Alu 2L 200 bar";"24";"1";"0";"1"
"1002M4";"Oxygen MED LINE Klein/Stål 2 L. 200 bar";"24";"1";"0";"1"
"1002M5";"Oxygen Med. 2 L. INVACARE std ventil";"0";"0";"0";"0"
"1002M6";"Oxygen Med. 2 L. INVACARE spareventil";"0";"0";"0";"0"
"1002M7";"Oxygen Med. 2 L. AMBU GRØN (pin/stål)";"0";"0";"0";"0"
"1002M8";"Oxygen Med. 2 L. AMBU BLÅ (pin/stål)";"0";"0";"0";"0"
"1002M9";"Oxygen Med. 2 L. AMBU SORT (pin/stål)";"0";"0";"0";"0"
"1002SG";"Oxygen 2 L. 200 bar";"0";"0";"0";"0"
"1003";"Oxygen 2,5 L. 200 bar";"0";"0";"0";"0"
"1003F4";"Oxygen PHARMA LINE Klein/Stål 2,5 L. 200 bar";"36";"1";"0";"1"
"1003M";"Oxygen MED LINE Pin/Stål 2,5 L. 200 bar";"24";"1";"0";"1"
"1003M1";"Oxygen (Pin/Stål) Med. 2,5 L. 200 bar";"24";"1";"0";"1"
"1003M3Q2";"OXYGEN MED LINE Kvik-Top/Alu 3L 200 bar";"24";"1";"0";"1"
"1003M4";"Oxygen MED LINE Klein/Stål/But 2,5 L. 200 bar";"24";"1";"0";"1"
"1003M41";"Oxygen MED LINE Klein/Stål/slank 2,5 L. 200 bar";"24";"1";"0";"1"
"1004";"Oxygen 4 L. 200 bar";"0";"0";"0";"0"
"1004F4";"Oxygen PHARMA LINE Klein/Stål 4 L. 200 bar";"36";"1";"0";"1"
"1004M";"Oxygen MED LINE Pin/Stål 4 L. 200 bar";"36";"1";"0";"1"
"1004M4";"Oxygen MED LINE Klein/Stål 4L 200 Bar";"36";"1";"0";"1"
"1004MQ";"Oxygen MED LINE KVIK-TOP Stål 4 L. 200 bar";"36";"1";"0";"1"
"1005";"Oxygen 5 L. 200 bar";"0";"0";"0";"0"
"1005K";"Oxygen 5 L. 200 bar";"0";"0";"0";"0"
"1005M";"Oxygen MED LINE Pin/Stål 5 L. 200 bar";"36";"1";"0";"1"
"1005M1";"Oxygen (Klein/Stål) Med. 5 L. 200 bar";"0";"0";"0";"0"
"1005M2";"Oxygen MED LINE Pin/Alu 5 L. 200 bar";"36";"1";"0";"1"
"1005M3Q2";"Oxygen MED LINE KVIK-TOP/Alu 5 L. 200 bar";"36";"1";"0";"1"
"1005M4";"OXYGEN MED LINE 21,8 stål 5L 200bar";"36";"1";"0";"1"
"1005M6";"Oxygen MED LINE Alu. 5L 200 bar – OXYLOG";"36";"1";"0";"1"
"1005MQ";"Oxygen MED LINE KVIK-TOP Alu. 5 L. 200 bar";"0";"0";"0";"0"
"1005SG";"Oxygen 5 L. 200 bar";"0";"0";"0";"0"
"1010";"Oxygen 10 L. 200 bar";"60";"1";"0";"0"
"101035P";"Oxygen 3.5 PRO LINE 10 L. 200 bar 2,2 m3";"60";"1";"0";"0"
"101052S";"Oxygen 5.2 LAB LINE 10 L. 200 bar 2,0 M3";"60";"1";"1";"0"
"1010F";"Oxygen PHARMA LINE 10 L. 200 bar";"36";"1";"0";"1"
"1010L";"Oxygen FOOD LINE 10 L. 2,2m3 200 Bar";"60";"1";"0";"0"
"1010M";"Oxygen MED LINE 10 L. 200 bar";"36";"1";"0";"1"
"1010MSG";"Oxygen Med. 10 L. 200 bar";"0";"0";"0";"0"
"1010SG";"Oxygen 10 L. 200 bar";"0";"0";"0";"0"
"1020";"Oxygen 20 L. 200 bar 4,4 m3";"60";"1";"0";"0"
"102035P";"Oxygen 3.5 PRO LINE 20 L. 200 bar 4,4 m3";"60";"1";"0";"0"
"102035PSG";"Oxygen 3.5 PRO LINE 20 L. 200 bar 4,4 m3";"0";"0";"0";"0"
"102045S";"Oxygen 4.5 LAB LINE 20 L. 200 bar 4,4 m3";"0";"0";"0";"0"
"102050S";"Oxygen 5.0 LAB LINE 20 L. 200 bar 4,4 m3";"0";"0";"0";"0"
"102052S";"Oxygen 5.2 LAB LINE 20 L. 200 bar 4,4 m3";"60";"1";"1";"0"
"1020K";"Oxygen 20 L. 200 bar 4,4 m3";"0";"0";"0";"0"
"1020M";"Oxygen MED LINE 20 L. 200 bar 4,4 m3";"36";"1";"0";"1"
"1020Q";"Oxygen KVIK-TOP 20 L. 200 bar 4,4 m3";"60";"1";"0";"0"
"1020QK";"Oxygen (YARAPRAXAIR) KVIK-TOP 20 L. 200 bar 4,4 m3";"0";"0";"0";"0"
"1020SG";"Oxygen 20 L. 200 bar 4,4 m3";"0";"0";"0";"0"
"1040";"Oxygen 40 L. 200 bar 8,8 m3";"60";"1";"0";"0"
"10401";"Oxygen 40 L. 150 bar 6,6 m3";"0";"0";"0";"0"
"1040M";"Oxygen Med. 40 L. 200 bar 8,8 m3";"0";"0";"0";"0"
"1050";"Oxygen 50 L. 200 bar 10,9 m3";"60";"1";"0";"0"
"105035P";"Oxygen 3.5 PRO LINE 50 L. 10,9 m3";"60";"1";"0";"0"
"105035PSG";"Oxygen 3.5 PRO LINE 50 L. 10,9 m3";"0";"0";"0";"0"
"105045S";"Oxygen 4.5 LAB LINE 50 L. 10,9 m3";"60";"1";"1";"0"
"105050S";"Oxygen 5.0 LAB LINE 50 L. 10,9 m3";"0";"0";"0";"0"
"105052S";"Oxygen 5.2 LAB LINE 50 L. 10,9 m3";"60";"1";"1";"0"
"105060S";"Oxygen 6.0 LAB LINE 50 L. 10,9 m3";"0";"0";"0";"0"
"1050F";"Oxygen PHARMA LINE 50 L. 200 bar 10,9 m3";"36";"1";"0";"1"
"1050ISG";"Oxygen 50 L Dyk- og Åndingsgas 200 bar";"0";"0";"0";"0"
"1050K";"Oxygen 50 L. 200 bar 10,9 m3";"0";"0";"0";"0"
"1050L";"Oxygen FOOD LINE 50 L 10,9 m3";"60";"1";"0";"0"
"1050LSG";"Oxygen FOOD LINE 50 L 10,9 m3";"0";"0";"0";"0"
"1050M";"Oxygen MED LINE 50 L. 200 bar 10,9 m3";"36";"1";"0";"1"
"1050MSG";"Oxygen Med. 50 L. 200 bar 10,9 m3";"0";"0";"0";"0"
"1050Q";"Oxygen KVIK-TOP 50 L. 200 bar 10,9 m3";"60";"1";"0";"0"
"1050QK";"Oxygen (YARAPRAXAIR) KVIK-TOP 50 L. 200 bar 10,9 m3";"0";"0";"0";"0"
"1050SG";"Oxygen 50 L. 200 bar 10,9 m3";"0";"0";"0";"0"
"1062HT";"Oxygen Flydende 190 L. 15 bar";"49";"0";"0";"0"
"1062LT";"Oxygen Flydende 190 L. 5 bar";"49";"0";"0";"0"
"1062MHT";"Oxygen Med. Flydende 190 L. 15 bar";"0";"0";"0";"0"
"1062MLT";"Oxygen MED LINE Flydende Nom. 190 L. 5 bar";"49";"0";"0";"1"
"1063HT";"Oxygen Flydende 176 L. 15 bar";"49";"0";"0";"0"
"1063LT";"Oxygen Flydende 176 L. 5 bar";"49";"0";"0";"0"
"1063MHT";"Oxygen Med. Flydende 176 L. 15 bar";"0";"0";"0";"0"
"1063MLT";"Oxygen MED LINE Flydende Nom. 175 L. 5 bar";"49";"0";"0";"1"
"1064";"Oxygen Flydende 30 L. Beholder";"0";"0";"0";"0"
"1064M";"Oxygen MED LINE Flydende 30 L. Blå Beholder";"21";"0";"0";"1"
"1065M";"Oxygen MED LINE Flydende 37 L. Blå Beholder";"49";"0";"0";"1"
"1066M";"Oxygen MED LINE Flydende 30 L. Grå Beholder";"49";"0";"0";"1"
"1067M";"Oxygen MED LINE Flydende 41 L. Grå Beholder";"49";"0";"0";"1"
"1068M";"Oxygen MED LINE Flydende 36 L. Beholder";"49";"0";"0";"1"
"1069M";"Oxygen MED LINE Flydende Nom. 47 L. Beholder";"49";"0";"0";"1"
"1072";"Oxygen L1240 150 bar 79,2 m3";"0";"0";"0";"0"
"1072M";"Oxygen Med. L1240 150 bar 79,2 m3";"0";"0";"0";"0"
"1073";"Oxygen L2040 150 bar 130,8 m3";"0";"0";"0";"0"
"1073M";"Oxygen Med. L2040 150 bar 130,8 m3";"0";"0";"0";"0"
"1082";"Oxygen H1240 200 bar 105,6 m3";"0";"0";"0";"0"
"1083";"Oxygen H2040 200 bar 176,0 m3";"60";"1";"0";"0"
"108435P";"Oxygen (Aga-ejd) 3.5 PRO LINE 1050 200 b";"0";"0";"0";"0"
"108435PK";"OXYGEN(aga-ejd) 3.5 PRO LINE 1050 200 bar";"0";"0";"0";"0"
"1085";"Oxygen H1250 200 bar 130,8 m3";"60";"1";"0";"0"
"108535P";"Oxygen 3.5 PRO LINE H1250 200 b 130,8 m3";"60";"1";"0";"0"
"108535PK";"Oxygen 3.5 PRO LINE H1250 200 bar 130,8 m3";"0";"0";"0";"0"
"108535PSG";"Oxygen 3.5 PRO LINE H1250 200 b 130,8 m3";"0";"0";"0";"0"
"108552S";"Oxygen 5.2 LAB LINE H1250 200 bar 130,8 m3";"60";"1";"1";"0"
"1085F";"Oxygen Pharma Line H1250 200 bar 130,8 m3";"36";"1";"0";"1"
"1085K";"Oxygen H1250 200 bar 130,8 m3";"0";"0";"0";"0"
"1085L";"Oxygen FOOD LINE H1250 200 bar 130,8 m3";"60";"1";"0";"0"
"1085LK";"Oxygen FOOD LINE H1250 200 Bar 130,8 m3";"0";"0";"0";"0"
"1085LSG";"Oxygen FOOD LINE H1250 200 bar 130,8 m3";"0";"0";"0";"0"
"1085M";"Oxygen MED LINE H1250 200 bar 130,8 m3";"36";"1";"0";"1"
"1085SG";"Oxygen H1250 200 bar 130,8 m3";"0";"0";"0";"0"
"1086";"Oxygen H3250 200 bar 348,8 m3";"60";"1";"0";"0"
"1088";"Oxygen XL-bat. 300 bar 202,9 m3";"60";"1";"0";"0"
"108835P";"Oxygen 3.5 PRO LINE XL-bat. 300 bar";"60";"1";"0";"0"
"1088M";"Oxygen Med. XL-bat. 200 bar 139,5 m3";"0";"0";"0";"0"
"1088SG";"Oxygen XL-bat. 300 bar 202,9 m3";"0";"0";"0";"0"
"1096";"Oxygen TECH LINE Flydende m3";"0";"0";"0";"0"
"1096F";"Oxygen PHARMA LINE Flydende m3";"0";"0";"0";"0"
"1096L";"Oxygen FOOD LINE Flydende m3";"0";"0";"0";"0"
"1096M";"Oxygen MED LINE Flydende m3";"0";"0";"0";"0"
"1098";"Oxygen TECH LINE Flydende KG";"0";"0";"0";"0"
"1098L";"Oxygen FOOD LINE Flydende KG";"0";"0";"0";"0"
"1098M";"Oxygen MED LINE Flydende KG";"0";"0";"0";"0"
"1099";"Oxygen TECH LINE Flydende L.";"0";"0";"0";"0"
"10990";"Oxygen Flydende (EJD.BEH)  L.";"0";"0";"0";"0"
"109935P";"Oxygen 3.5 PRO LINE Flydende L.";"0";"0";"0";"0"
"1099F";"Oxygen PHARMA LINE Flydende L.";"0";"0";"0";"0"
"1099L";"Oxygen FOOD LINE Flydende L.";"0";"0";"0";"0"
"1099M";"Oxygen MED LINE Flydende L.";"0";"0";"0";"0"
"1102";"Nitrogen 2 L. 200 bar";"0";"0";"0";"0"
"1102SG";"Nitrogen 2 L. 200 bar";"0";"0";"0";"0"
"1103";"Nitrogen but, 2,5L";"0";"0";"0";"0"
"1104";"Nitrogen 4 L. 200 bar";"0";"0";"0";"0"
"1105";"Nitrogen 5 L. 200 bar";"0";"0";"0";"0"
"110545";"Nitrogen 4.5  5 L. 200 bar";"0";"0";"0";"0"
"110545SG";"Nitrogen 4.5  5 L. 200 bar";"0";"0";"0";"0"
"110550S";"Nitrogen 5.0 LAB LINE 5 L. 200 bar";"0";"0";"0";"0"
"110550SSG";"Nitrogen 5.0  5 L. 200 bar";"0";"0";"0";"0"
"1105L";"Nitrogen FOOD LINE 5 L. 200 bar";"0";"0";"0";"0"
"1105SG";"Nitrogen 5 L. 200 bar";"0";"0";"0";"0"
"1110";"Nitrogen 10 L. 200 bar 1,9 m3";"60";"1";"0";"0"
"111045";"Nitrogen 4.5 10 L. 200 bar";"0";"0";"0";"0"
"111048P";"Nitrogen 4.8 PRO LINE 10 L. 200 bar";"0";"0";"0";"0"
"111050S";"Nitrogen 5.0 LAB LINE 10 L. 200 bar";"60";"1";"1";"0"
"111050SSG";"Nitrogen 5.0 LAB LINE 10 L. 200 bar";"0";"0";"0";"0"
"111056S";"Nitrogen 5.6 LAB LINE 10 L. 200 bar";"0";"0";"0";"0"
"111060S";"Nitrogen 6.0 LAB LINE 10 L. 200 bar";"60";"1";"1";"0"
"1110F";"Nitrogen PHARMA LINE 10 L. 200 Bar";"36";"1";"0";"0"
"1110L";"Nitrogen FOOD LINE 10 L. 200 bar";"60";"1";"0";"0"
"1120";"Nitrogen 20 L. 200 bar 3,9 m3";"60";"1";"0";"0"
"112045";"Nitrogen 4.5 20 L. 200 bar 3,9 m3";"60";"1";"1";"0"
"112045SG";"Nitrogen 4.5 20 L. 200 bar 3,9 m3";"0";"0";"0";"0"
"112048P";"Nitrogen 4.8 PRO LINE 20 L. 200 b 3,9 m3";"60";"1";"1";"0"
"112050S";"Nitrogen 5.0 LAB LINE 20 L. 200 b 3,9 m3";"60";"1";"1";"0"
"112050SSG";"Nitrogen 5.0 LAB LINE 20 L. 200 b 3,9 m3";"0";"0";"0";"0"
"112056S";"Nitrogen 5.6 LAB LINE 20 L. 200 b 3,9 m3";"60";"1";"1";"0"
"112056SSG";"Nitrogen 5.6 LAB LINE 20 L. 200 b 3,9 m3";"0";"0";"0";"0"
"112060S";"Nitrogen 6.0 LAB LINE 20 L. 200 b 3,9 m3";"60";"1";"1";"0"
"1120HT";"Nitrogen 20 L. 300 bar 5,4 m3";"60";"1";"0";"0"
"1120L";"Nitrogen FOOD LINE 20 L. 200 bar 3,9 m3";"60";"1";"0";"0"
"1120LSG";"Nitrogen FOOD LINE 20 L. 200 bar 3,9 m3";"0";"0";"0";"0"
"1120M";"Nitrogen Med. 20 L. 200 bar 3,9 m3";"0";"0";"0";"0"
"1120SG";"Nitrogen 20 L. 200 bar 3,9 m3";"0";"0";"0";"0"
"1140";"Nitrogen 40 L. 200 bar 7,8 m3";"0";"0";"0";"0"
"1150";"Nitrogen 50 L. 200 bar 9,7 m3";"60";"1";"0";"0"
"115045";"Nitrogen 4.5 50 L. 200 bar 9,7 m3";"60";"1";"1";"0"
"115045SG";"Nitrogen 4.5 50 L. 200 bar 9,7 m3";"0";"0";"0";"0"
"115048P";"Nitrogen 4.8 PRO LINE 50 L. 200 b 9,7 m3";"60";"1";"1";"0"
"115048PK";"Nitrogen 4.8 PRO LINE 50L. 200 b 9,7 m3";"0";"0";"0";"0"
"115050S";"Nitrogen 5.0 LAB LINE 50 L. 200 b 9,7 m3";"60";"1";"1";"0"
"115050SSG";"Nitrogen 5.0 LAB LINE 50 L. 200 b 9,7 m3";"0";"0";"0";"0"
"115056S";"Nitrogen 5.6 LAB LINE 50 L. 200 b 9,7 m3";"60";"1";"1";"0"
"115056SSG";"Nitrogen 5.6 LAB LINE 50 L. 200 b 9,7 m3";"0";"0";"0";"0"
"115060S";"Nitrogen 6.0 LAB LINE 50 L. 200 b 9,7 m3";"60";"1";"1";"0"
"1150F";"Nitrogen PHARMA LINE 50 L. 200 bar 9,7 m3";"36";"1";"0";"0"
"1150FK";"Nitrogen PHARMA LINE 50 L. 200 bar 9,7 m3";"36";"1";"0";"0"
"1150HT";"Nitrogen 50 L. 300 bar 13,4  m3";"60";"1";"0";"0"
"1150HTSG";"Nitrogen 50 L. 300 bar 13,4  m3";"0";"0";"0";"0"
"1150L";"Nitrogen FOOD LINE 50 L. 200 bar 9,7 m3";"60";"1";"0";"0"
"1150LSG";"Nitrogen FOOD LINE 50 L. 200 bar 9,7 m3";"0";"0";"0";"0"
"1150MC";"Nitrogen Med.m/cert. 50 L 200 bar 9,7 m3";"0";"0";"0";"0"
"1150SG";"Nitrogen 50 L. 200 bar 9,7 m3";"0";"0";"0";"0"
"1160";"Nitrogen Flydende 5 L. 3,5 m3";"0";"0";"0";"0"
"1161";"Nitrogen Flydende 10 L. 7,1 m3";"0";"0";"0";"0"
"1162";"Nitrogen Flydende 190 L.";"0";"0";"0";"0"
"1162HT";"Nitrogen Flydende 190 L. 15 bar";"60";"1";"0";"0"
"1162LT";"Nitrogen Flydende 190 L. 5 bar";"60";"1";"0";"0"
"1163HT";"Nitrogen Flydende 176 L. 15 bar";"60";"1";"0";"0"
"1163HT21";"Nitrogen Flydende 176L, 21 bar";"60";"1";"0";"0"
"1163LT";"Nitrogen Flydende 176 L. 5 bar";"60";"1";"0";"0"
"1164";"Nitrogen Flydende 30 L. 21,2 m3";"0";"0";"0";"0"
"1165";"Nitrogen Flydende 600 L. 423,0 m3";"0";"0";"0";"0"
"1166";"Nitrogen Flydende 25 L. 17,5 m3";"0";"0";"0";"0"
"1167";"Nitrogen Flydende 50 L. 35,3 m3";"0";"0";"0";"0"
"1168";"Nitrogen Flydende 20 L. 14,1 m3";"0";"0";"0";"0"
"1170";"Nitrogen PhLIN Flydende 25 L.";"0";"0";"0";"0"
"1171LT";"Nitrogen PhLIN Flydende 176 L. 5 bar";"60";"1";"0";"0"
"1172";"Nitrogen L1240 150 bar 69,9 m3";"0";"0";"0";"0"
"1173";"Nitrogen L2040 150 bar 116,5 m3";"0";"0";"0";"0"
"1173L";"Nitrogen FOOD LINE L2040 150 b 116,5 m3";"0";"0";"0";"0"
"1182";"Nitrogen H1240 200 bar 93,6 m3";"60";"1";"0";"0"
"1183";"Nitrogen H2040 200 bar 156,0 m3";"0";"0";"0";"0"
"1184";"Nitrogen H3640 200 bar 280,8 m3";"60";"1";"0";"0"
"1185";"Nitrogen H1250 200 bar 116,4 m3";"60";"1";"0";"0"
"118545";"Nitrogen 4.5 H1250 200 bar 116,4 m3";"60";"1";"1";"0"
"118545SG";"Nitrogen 4.5 H1250 200 bar 116,4 m3";"0";"0";"0";"0"
"118548P";"Nitrogen 4.8 PRO LINE H1250 200 bar";"60";"1";"1";"0"
"118548PK";"Nitrogen 4.8 PRO LINE H1250 200 bar";"0";"0";"0";"0"
"118550S";"Nitrogen 5.0 LAB LINE H1250 200 bar";"60";"1";"1";"0"
"118550SSG";"Nitrogen 5.0 LAB LINE H1250 200 bar";"0";"0";"0";"0"
"118556S";"Nitrogen 5.6 LAB LINE H1250 200 bar";"60";"1";"1";"0"
"118556SSG";"Nitrogen 5.6 LAB LINE H1250 200 bar";"0";"0";"0";"0"
"1185FK";"Nitrogen PHARMA LINE H1250 200 bar 116,4 m3";"36";"1";"0";"0"
"1185K";"Nitrogen H1250 200 bar 116,4 m3";"0";"0";"0";"0"
"1185L";"Nitrogen FOOD LINE H1250 200 b 116,4 m3";"60";"1";"0";"0"
"1185LK";"Nitrogen FOOD LINE H1250 200 b 116,4 m3";"0";"0";"0";"0"
"1185LSG";"Nitrogen FOOD LINE H1250 200 b 116,4 m3";"0";"0";"0";"0"
"1185M";"Nitrogen Med. (HGD) 116,4 m3";"0";"0";"0";"0"
"1185SG";"Nitrogen H1250 200 bar 116,4 m3";"0";"0";"0";"0"
"1186";"Nitrogen H3250 200 bar 310,4 m3";"0";"0";"0";"0"
"1188";"Nitrogen XL-bat. 300 bar 172,0 m3";"60";"1";"0";"0"
"118845";"Nitrogen 4.5 XL-bat. 300 bar 172,0 m3";"60";"1";"1";"0"
"118845SG";"Nitrogen 4.5 XL-bat. 300 bar 172,0 m3";"0";"0";"0";"0"
"118850S";"Nitrogen 5.0 LAB LINE XL-bat. 300 bar";"60";"1";"1";"0"
"118850SSG";"Nitrogen 5.0 LAB LINE XL-bat. 300 bar";"0";"0";"0";"0"
"1188L";"Nitrogen FOOD LINE XL-bat. 300 bar";"60";"1";"0";"0"
"1188LSG";"Nitrogen FOOD LINE XL-bat. 300 bar";"0";"0";"0";"0"
"1188SG";"Nitrogen XL-bat. 300 bar 172,0 m3";"0";"0";"0";"0"
"1196";"Nitrogen TECH LINE Flydende m3";"0";"0";"0";"0"
"1196F";"Nitrogen PHARMA LINE Flydende m3";"0";"0";"0";"0"
"1196L";"Nitrogen FOOD LINE Flydende m3";"0";"0";"0";"0"
"1198";"Nitrogen Flydende KG TECH LINE";"0";"0";"0";"0"
"1198L";"Nitrogen FOOD LINE Flydende KG";"0";"0";"0";"0"
"1199";"Nitrogen TECH LINE Flydende L.";"0";"0";"0";"0"
"11990";"Nitrogen Flydende (ejd.beh) L.";"0";"0";"0";"0"
"119948P";"Nitrogen 4.8 PRO LINE Flydende L.";"0";"0";"0";"0"
"119950S";"Nitrogen 5.0 LAB LINE Flydende L.";"0";"0";"0";"0"
"1199F";"Nitrogen PHARMA LINE Flydende L.";"0";"0";"0";"0"
"1199L";"Nitrogen FOOD LINE Flydende L.";"0";"0";"0";"0"
"1202";"Argon 2 L. 200 bar";"0";"0";"0";"0"
"1203";"Argon 2,5 L. 200 bar";"0";"0";"0";"0"
"1204";"Argon 4 L. 200 bar";"0";"0";"0";"0"
"1205";"Argon 5 L. 200 bar";"0";"0";"0";"0"
"120545";"Argon 4.5 5 L. 200 bar";"0";"0";"0";"0"
"120548P";"Argon 4.8 PRO LINE  5 L. 200 bar";"0";"0";"0";"0"
"120550S";"Argon 5.0 LAB LINE  5 L. 200 bar";"0";"0";"0";"0"
"1205SG";"Argon 5 L. 200 bar";"0";"0";"0";"0"
"1210";"Argon 10 L. 200 bar";"60";"1";"0";"0"
"121045";"Argon 4.5 10 L. 200 bar";"60";"1";"1";"0"
"121048P";"Argon 4.8 PRO LINE 10 L. 200 bar";"0";"0";"0";"0"
"121050S";"Argon 5.0 LAB LINE 10 L 200 bar";"60";"1";"1";"0"
"1210K";"Argon 10 L. 200 bar";"0";"0";"0";"0"
"1210SG";"Argon 10 L. 200 bar";"0";"0";"0";"0"
"1220";"Argon 20 L. 200 bar 4,4 m3";"60";"1";"0";"0"
"122045";"Argon 4.5 20 L. 200 bar 4,4 m3";"60";"1";"1";"0"
"1220451";"Argon ICP 4.5 20 L  200 bar 4,4 m3";"60";"1";"1";"0"
"1220451SG";"Argon ICP 4.5 20 L  200 bar 4,4 m3";"0";"0";"0";"0"
"122048P";"Argon 4.8 PRO LINE 20 L. 200 bar 4,4 m3";"60";"1";"1";"0"
"122050S";"Argon 5.0 LAB LINE 20 L. 200 bar 4,4 m3";"60";"1";"1";"0"
"122050SSG";"Argon 5.0 LAB LINE 20 L. 200 bar 4,4 m3";"0";"0";"0";"0"
"122055S";"Argon 5.5 LAB LINE 20 L. 200 bar 4,4 m3";"60";"1";"1";"0"
"122055SSG";"Argon 5.5 LAB LINE 20 L. 200 bar 4,4 m3";"0";"0";"0";"0"
"122060S";"Argon 6.0 LAB LINE 20 L. 200 bar 4,4 m3";"0";"0";"0";"0"
"1220K";"Argon 20 L. 200 bar 4,4 m3";"0";"0";"0";"0"
"1220Q";"Argon KVIK-TOP 20 L. 300 bar 6,2 m3";"60";"1";"0";"0"
"1220QSG";"Argon KVIK-TOP 20 L. 300 bar 6,2 m3";"0";"0";"0";"0"
"1220SG";"Argon 20 L. 200 bar 4,4 m3";"0";"0";"0";"0"
"1240";"Argon 40 L. 200 bar 8,7 m3";"60";"1";"0";"0"
"124045";"Argon 4.5 40 L. 200 bar 8,7 m3";"0";"0";"0";"0"
"1250";"Argon 50 L. 200 bar 10,9 m3";"60";"1";"0";"0"
"125045";"Argon 4.5 50 L. 200 bar 10,9 m3";"60";"1";"1";"0"
"1250451";"Argon ICP 4.5 50 L  200 bar 10,9 m3";"60";"1";"1";"0"
"1250451SG";"Argon ICP 4.5 50 L  200 bar 10,9 m3";"0";"0";"0";"0"
"125045SG";"Argon 4.5 50 L. 200 bar 10,9 m3";"0";"0";"0";"0"
"125048P";"Argon 4.8 PRO LINE 50 L. 200 bar 10,9 m3";"60";"1";"1";"0"
"125050S";"Argon 5.0 LAB LINE 50 L. 200 bar 10,9 m3";"60";"1";"1";"0"
"125050SHT";"Argon 5.0 LAB LINE 50 L. 300 bar 16,4 m3";"60";"1";"1";"0"
"125050SSG";"Argon 5.0 LAB LINE 50 L. 200 bar 10,9 m3";"0";"0";"0";"0"
"125055S";"Argon 5.5 LAB LINE 50 L. 200 bar 10,9 m3";"60";"1";"1";"0"
"125055SSG";"Argon 5.5 LAB LINE 50 L. 200 bar 10,9 m3";"0";"0";"0";"0"
"125060S";"Argon 6.0 LAB LINE 50 L. 200 bar 10,9 m3";"60";"1";"1";"0"
"1250Q";"Argon KVIK-TOP 50 L. 300 bar 15,6 m3";"60";"1";"0";"0"
"1250QK";"Argon (YARAPRAXAIR) KVIK-TOP 50 L. 200 bar 10,9 m3";"0";"0";"0";"0"
"1250QSG";"Argon KVIK-TOP 50 L. 300 bar 15,6 m3";"0";"0";"0";"0"
"1250SG";"Argon 50 L. 200 bar 10,9 m3";"0";"0";"0";"0"
"1261HT";"Argon Flydende 208 L. 15 bar";"60";"1";"0";"0"
"126248P";"Argon 4.8 PRO LINE Flydende 190 L.";"0";"0";"0";"0"
"1262HT";"Argon Flydende 190 L. 15 bar";"60";"1";"0";"0"
"126348P";"Argon 4.8 PRO LINE Flydende 176 L";"0";"0";"0";"0"
"126348PHT";"Argon Flydende 4,8 176 L. 15 bar";"60";"1";"1";"0"
"1265HT";"Argon Flydende 600 L. 20 bar";"60";"1";"0";"0"
"1272";"Argon L1240 150 bar 79,2 m3";"0";"0";"0";"0"
"1273";"Argon L2040 150 bar 132,0 m3";"0";"0";"0";"0"
"1284";"Argon H3640 200 bar 313,2 m3";"0";"0";"0";"0"
"1285";"Argon H1250 200 bar 130,8 m3";"60";"1";"0";"0"
"128545";"Argon 4.5 H1250 200 bar 130,8 m3";"60";"1";"1";"0"
"1285451";"Argon ICP 4.5 H1250 130,8 m3";"60";"1";"1";"0"
"1285451SG";"Argon ICP 4.5 H1250 130,8 m3";"0";"0";"0";"0"
"128548P";"Argon 4.8 PRO LINE H1250 200 b 130,8 m3";"60";"1";"1";"0"
"128550S";"Argon 5.0 LAB LINE H1250 200 b 130,8 m3";"60";"1";"1";"0"
"128550SSG";"Argon 5.0 LAB LINE H1250 200 b 130,8 m3";"0";"0";"0";"0"
"128560S";"Argon 6.0 LAB LINE H1250 200 b 130,8 m3";"60";"1";"1";"0"
"128560SSG";"Argon 6.0 LAB LINE H1250 200 b 130,8 m3";"0";"0";"0";"0"
"1285K";"Argon H1250 200 bar 130,8 m3";"0";"0";"0";"0"
"1285SG";"Argon H1250 200 bar 130,8 m3";"0";"0";"0";"0"
"1286";"Argon H3250 200 bar 348,8 m3";"0";"0";"0";"0"
"1288";"Argon XL-bat. 300 bar 199,0 m3";"60";"1";"0";"0"
"1288451";"Argon ICP 4.5 XL-bat. 300 bar 199,0 m3";"60";"1";"1";"0"
"128848P";"Argon 4.8 PRO LINE XL-bat. 300 bar";"60";"1";"1";"0"
"128850S";"Argon 5.0 LAB LINE XL-bat. 300 bar";"60";"1";"1";"0"
"128850SSG";"Argon 5.0 LAB LINE XL-bat. 300 bar";"0";"0";"0";"0"
"1288SG";"Argon XL-bat. 300 bar 199,0 m3";"0";"0";"0";"0"
"1296";"Argon Flydende m3 TECH LINE";"0";"0";"0";"0"
"1298";"Argon Flydende KG TECH LINE";"0";"0";"0";"0"
"1299";"Argon TECH LINE Flydende L.";"0";"0";"0";"0"
"129948P";"Argon 4.8 PRO LINE Flydende L.";"0";"0";"0";"0"
"129950S";"Argon 5.0 LAB LINE Flydende L.";"0";"0";"0";"0"
"1304F";"Atm. Luft PHARMA LINE Pin/Stål 4 L. 200 bar";"36";"1";"0";"0"
"1304F4";"Atm. Luft PHARMA LINE 4 L. 200 bar m/Klein";"36";"1";"0";"0"
"1304FK";"Atm. Luft PHARMA LINE 4 L. 200 bar";"36";"1";"0";"0"
"1305";"Atm. Luft 5 L. 200 bar";"0";"0";"0";"0"
"1305F";"Atm Luft PHARMA LINE 5 L. 200 bar";"36";"1";"0";"0"
"1305K";"Atm. Luft 5 L. 200 bar";"0";"0";"0";"0"
"1305SG";"Atm. Luft 5 L. 200 bar";"0";"0";"0";"0"
"1310";"Atm. Luft 10 L. 200 bar";"60";"1";"0";"0"
"1310F";"Atm. Luft PHARMA LINE 10 L. 200 bar";"36";"1";"0";"0"
"1310FK";"Atm. Luft PHARMA LINE 10 L. 200 bar";"36";"1";"0";"0"
"1310K";"Atm. Luft 10 L. 200 bar";"0";"0";"0";"0"
"1310SG";"Atm. Luft 10 L. 200 bar";"0";"0";"0";"0"
"1320";"Atm. Luft 20 L. 200 bar 4,0 m3";"60";"1";"0";"0"
"1320F";"Atm. Luft PHARMA LINE 20 L. 200 bar 4,0 m3";"36";"1";"0";"0"
"1320FK";"Atm. Luft PHARMA LINE 20 L. 200 bar 4,0 m3";"36";"1";"0";"0"
"1320K";"Atm. Luft 20 L. 200 bar 4,0 m3";"0";"0";"0";"0"
"1320SG";"Atm. Luft 20 L. 200 bar 4,0 m3";"0";"0";"0";"0"
"1350";"Atm. Luft 50 L. 200 bar 10,0 m3";"60";"1";"0";"0"
"1350F";"Atm. Luft PHARMA LINE 50 L. 200 bar 10,0 m3";"36";"1";"0";"0"
"1350FK";"Atm. Luft PHARMA LINE 50 L. 200 bar 10,0 m3";"36";"1";"0";"0"
"1350I";"Atm. Luft 50 L Dyk- og Åndingsgas";"60";"1";"0";"1"
"1350ISG";"Atm. Luft 50 L Dyk- og Åndingsgas";"0";"0";"0";"0"
"1350K";"Atm. Luft 50 L. 200 bar 10,0 m3";"0";"0";"0";"0"
"1350MSG";"Atm. Luft Med. 50 L. 200 bar 10,0 m3";"0";"0";"0";"0"
"1350SG";"Atm. Luft 50 L. 200 bar 10,0 m3";"0";"0";"0";"0"
"1373";"Atm. Luft L2040 150 bar 120,0 m3";"0";"0";"0";"0"
"1385";"Atm. Luft H1250 200 bar 120,0 m3";"0";"0";"0";"0"
"1385F";"Atm. Luft PHARMA LINE H1250 L. 200 bar 122,3 m3";"36";"1";"0";"0"
"1385FK";"Atm. Luft PHARMA LINE H1250 200 bar 120,0 m3";"36";"1";"0";"0"
"1400";"Hydrogen m3";"0";"0";"0";"0"
"1402";"Hydrogen 2 L. 200 bar";"0";"0";"0";"0"
"1402K";"Hydrogen 2 L. 200 bar";"0";"0";"0";"0"
"1404";"Hydrogen 4 L. 200 bar";"0";"0";"0";"0"
"1405";"Hydrogen 5 L. 200 bar";"0";"0";"0";"0"
"14051";"Hydrogen 5 L. 200 bar med hætte";"0";"0";"0";"0"
"140545";"Hydrogen 4.5  (Plus) 5 L. 200 bar KUN SAB";"0";"0";"0";"0"
"140550S";"Hydrogen 5.0 LAB LINE 5 L 200 bar";"0";"0";"0";"0"
"1405K";"Hydrogen 5 L. 200 bar";"0";"0";"0";"0"
"1405SG";"Hydrogen 5 L. 200 bar";"0";"0";"0";"0"
"1410";"Hydrogen 10 L. 200 bar";"60";"1";"0";"0"
"141045";"Hydrogen 4.5 (Plus) 10 L. 200 bar";"0";"0";"0";"0"
"141045K";"Hydrogen 4.5 (Plus) 10 L. 200 bar";"0";"0";"0";"0"
"141050S";"Hydrogen 5.0 LAB LINE 10 L 200 bar";"60";"1";"1";"0"
"141050SSG";"Hydrogen 5.0 LAB LINE 10 L 200 bar";"0";"0";"0";"0"
"1410K";"Hydrogen 10 L. 200 bar";"0";"0";"0";"0"
"1420";"Hydrogen 20 L. 200 bar 3,6 m3";"60";"1";"0";"0"
"142045";"Hydrogen 4.5 (Plus) 20 L. 200 bar 3,6 m3";"60";"1";"1";"0"
"142045K";"Hydrogen 4.5 (Plus) 20 L. 200 bar 3,6 m3";"0";"0";"0";"0"
"142045SG";"Hydrogen 4.5 (Plus) 20 L. 200 bar 3,6 m3";"0";"0";"0";"0"
"142050S";"Hydrogen 5.0 LAB LINE 20 L. 200 b 3,6 m3";"60";"1";"1";"0"
"142050SSG";"Hydrogen 5.0 LAB LINE 20 L. 200 b 3,6 m3";"0";"0";"0";"0"
"142055S";"Hydrogen 5.5 LAB LINE 20 L. 200 b 3,6 m3";"0";"0";"0";"0"
"142055SSG";"Hydrogen 5.5 LAB LINE 20 L. 200 b 3,6 m3";"0";"0";"0";"0"
"142060S";"Hydrogen 6.0 LAB LINE 20 L. 200 b 3,6 m3";"0";"0";"0";"0"
"1420K";"Hydrogen 20 L. 200 bar 3,6 m3";"0";"0";"0";"0"
"1440";"Hydrogen 40 L. 200 bar 7,3 m3";"0";"0";"0";"0"
"1440K";"Hydrogen 40 L. 200 bar 7,3 m3";"0";"0";"0";"0"
"1450";"Hydrogen 50 L. 200 bar 9,1 m3";"60";"1";"0";"0"
"145045";"Hydrogen 4.5  50 L. 200 bar 9,1 m3";"60";"1";"1";"0"
"145045K";"Hydrogen 4.5  50 L. 200 bar 9,1 m3";"0";"0";"0";"0"
"145045SG";"Hydrogen 4.5 (Plus) 50 L. 200 bar 9,1 m3";"0";"0";"0";"0"
"145048P";"Hydrogen 4.8 PRO LINE 50 L. 200 b 9,1 m3";"60";"1";"1";"0"
"145050S";"Hydrogen 5.0 LAB LINE 50 L. 200 b 9,1 m3";"60";"1";"1";"0"
"145050SSG";"Hydrogen 5.0 LAB LINE 50 L. 200 b 9,1 m3";"0";"0";"0";"0"
"145055S";"Hydrogen 5.5 LAB LINE 50 L. 200 b 9,1 m3";"60";"1";"1";"0"
"145055SSG";"Hydrogen 5.5 LAB LINE 50 L. 200 b 9,1 m3";"0";"0";"0";"0"
"145060S";"Hydrogen 6.0 LAB LINE 50 L. 200 b 9,1 m3";"60";"1";"1";"0"
"1450K";"Hydrogen 50 L. 200 bar 9,1 m3";"0";"0";"0";"0"
"1450SG";"Hydrogen 50 L. 200 bar 9,1 m3";"0";"0";"0";"0"
"1472";"Hydrogen L1240 150 bar 86,0 m3";"0";"0";"0";"0"
"1473";"Hydrogen L2040 150 bar 110,0 m3";"0";"0";"0";"0"
"1483";"Hydrogen H2040 200 bar 146,0 m3";"60";"1";"0";"0"
"1484";"Hydrogen (AGA ejd.) H1050 200 bar 91 m3";"0";"0";"0";"0"
"1484K";"Hydrogen (AGA ejd.) H1050 200 bar 91 m3";"0";"0";"0";"0"
"1485";"Hydrogen H1250 200 bar 109,2 m3";"60";"1";"0";"0"
"148545";"Hydrogen 4.5 H1250 200 bar 109,2 m3";"60";"1";"1";"0"
"148545SG";"Hydrogen 4.5 H1250 200 bar 109,2 m3";"0";"0";"0";"0"
"148550S";"Hydrogen 5.0 LAB LINE H1250 200 bar";"0";"0";"0";"0"
"1485K";"Hydrogen H1250 200 bar 109,2 m3";"0";"0";"0";"0"
"1486";"Hydrogen H3250 200 bar 291,2 m3";"60";"1";"0";"0"
"1486K";"Hydrogen H3250 200 bar 291,2 m3";"0";"0";"0";"0"
"1487";"Hydrogen 4.5 H3250 200 bar 291,2 m3";"0";"0";"0";"0"
"1487K";"Hydrogen 4.5 H3250 200 bar 291,2 m3";"0";"0";"0";"0"
"1495";"Hydrogen (MG)";"0";"0";"0";"0"
"1496";"Hydrogen Trailer";"0";"0";"0";"0"
"1505";"Acetylen 5 L.";"0";"0";"0";"0"
"15051";"Acetylen 5L (AGA ventil)";"0";"0";"0";"0"
"1505K";"Acetylen 5 L.";"0";"0";"0";"0"
"1505SG";"Acetylen 5 L.";"0";"0";"0";"0"
"1510";"Acetylen 10 L.";"60";"1";"0";"0"
"1510K";"Acetylen 10 L.";"0";"0";"0";"0"
"1520";"Acetylen 20 L. 3,6 KG";"60";"1";"0";"0"
"152025S";"Acetylen 2.5 LAB LINE 20 L. 3,3 KG";"0";"0";"0";"0"
"152025SK";"Acetylen 2.5 LAB LINE 20 L. 3,25 KG";"0";"0";"0";"0"
"1520K";"Acetylen 20 L. 3,75 KG";"0";"0";"0";"0"
"1520P";"Acetylen HF PRO LINE 20 L. 3,6 KG";"60";"1";"0";"0"
"1520Q";"Acetylen KVIK-TOP 20 L. 3,6 KG";"60";"1";"0";"0"
"1520SG";"Acetylen 20 L. 3,6 KG";"0";"0";"0";"0"
"1523K";"Acetylen IPR 20 L. 3,75 KG";"0";"0";"0";"0"
"1540";"Acetylen 40 L. 7,2 KG";"60";"1";"0";"0"
"154025S";"Acetylen 2.5 LAB LINE 40 L. 6,5 KG";"60";"1";"0";"0"
"154025SK";"Acetylen 2.5 S LAB LINE 40 L. 6,5 KG";"0";"0";"0";"0"
"154025SSG";"Acetylen 2.5 LAB LINE 40 L. 6,5 KG";"0";"0";"0";"0"
"1540K";"Acetylen 40 L. 7,5 KG";"0";"0";"0";"0"
"1540P";"Acetylen HF PRO LINE 40 L. 7,2 KG";"60";"1";"0";"0"
"1540Q";"Acetylen KVIK-TOP 40 L. 7,2 KG";"60";"1";"0";"0"
"1540SG";"Acetylen 40 L. 7,2 KG";"0";"0";"0";"0"
"1542";"Acetylen T42";"60";"1";"0";"0"
"1543K";"Acetylen IPR 40 L. 7,5 KG";"0";"0";"0";"0"
"1570";"Acetylen 0840 57,6 KG";"60";"1";"0";"0"
"1570K";"Acetylen 0840 57,6 KG";"0";"0";"0";"0"
"1571";"Acetylen 0940 64,8 KG";"60";"1";"0";"0"
"1571K";"Acetylen 0940 64,8 KG";"0";"0";"0";"0"
"1571P";"Acetylen HF PRO LINE 0940 64,8 KG";"60";"1";"0";"0"
"1571SG";"Acetylen 0940 64,8 KG";"0";"0";"0";"0"
"1578K";"Acetylen 1640 Bat. 120 KG";"0";"0";"0";"0"
"1579K";"Acetylen 1650 Bat. 150,4 KG";"0";"0";"0";"0"
"1580K";"Air Liquide Acetylen Bd-M 105 kg";"0";"0";"0";"0"
"1581K";"Air Liquide Acetylen Bd-S 60 kg";"0";"0";"0";"0"
"1581PK";"Air Liquide Alphagaz 1 Acetylen Bd-M 60 kg";"0";"0";"0";"0"
"1582K";"Air Liquide Acetylen Bd-S 50 kg DMF";"0";"0";"0";"0"
"1583K";"AGA acetylenbatteri 10 fl., 78 kg";"0";"0";"0";"0"
"1585";"Acetylen 12N40 96,0 KG";"60";"1";"0";"0"
"1601";"Carbondioxid 0,5 L.";"0";"0";"0";"0"
"16011F";"Carbondioxid PHARMA LINE 0,74 L. 0,55 kg";"36";"1";"0";"0"
"16011F4";"Carbondioxid PHARMA LINE klein 0,74 L. 0,55 kg";"36";"1";"0";"0"
"16012F";"Carbondioxid PHARMA LINE 1 L. 0,75 kg";"36";"1";"0";"0"
"1601F";"Carbondioxid PHARMA LINE 0,5 L.";"36";"1";"0";"0"
"1602L";"Carbondioxid FOOD LINE 0,74 L.";"0";"0";"0";"0"
"1603";"Carbondioxid 2,5 L.";"0";"0";"0";"0"
"1603F";"Carbondioxid PHARMA LINE m/pin 2,5 L.";"36";"1";"0";"0"
"1603F4";"Carbondioxid PHARMA LINE m/klein 2,5 L.";"36";"1";"0";"0"
"1603FH";"Carbondioxid PHARMA LINE 2,5 L. m/Håndhjul";"0";"0";"0";"0"
"1603L";"Carbondioxid FOOD LINE 2,5 L.";"0";"0";"0";"0"
"1604";"Carbondioxid 4 L. 3,0 KG";"0";"0";"0";"0"
"1604L";"Carbondioxid FOOD LINE 4 L. 3,0 KG";"0";"0";"0";"0"
"1605L";"Carbondioxid FOOD LINE 5 L. 3,7 KG";"0";"0";"0";"0"
"1608";"Carbondioxid 8 L. 6 KG";"0";"0";"0";"0"
"1608D";"Carbondioxid 8 L. 6 KG Flydende";"0";"0";"0";"0"
"1608F";"Carbondioxid PHARMA LINE 8 L. 6 KG";"36";"1";"0";"1"
"1608L";"Carbondioxid FOOD LINE 8 L. 6 KG";"0";"0";"0";"0"
"1608LSG";"Carbondioxid Stål FOOD LINE 8 L. 6 KG";"0";"0";"0";"0"
"1608SG";"Carbondioxid Stål 8 L. 6 KG";"0";"0";"0";"0"
"1610";"Carbondioxid 10 L. 7,5 KG";"0";"0";"0";"0"
"1610L";"Carbondioxid FOOD LINE 10 L. 7,5 KG";"60";"1";"0";"0"
"1610M";"Carbondioxid Med. 10 L. 7,5 KG";"0";"0";"0";"0"
"1614";"Carbondioxid 14 L. 10 KG";"0";"0";"0";"0"
"1614D";"Carbondioxid 14 L. 10 KG Flydende";"0";"0";"0";"0"
"1614DR";"Carbondioxid R744 Køle 14 L. 10 KG";"60";"1";"0";"0"
"1614F";"Carbondioxid PHARMA LINE 14 L. 10 Kg";"36";"1";"0";"1"
"1614L";"Carbondioxid FOOD LINE 14 L. 10 KG";"60";"1";"0";"0"
"1614LSG";"Carbondioxid Stål FOOD LINE 14 L. 10 KG";"0";"0";"0";"0"
"1614R";"Carbondioxid R744  Køle UDEN DYKRØR 10 KG";"60";"1";"0";"0"
"1614SG";"Carbondioxid Stål 14 L. 10 KG";"0";"0";"0";"0"
"1614TR";"Carbondioxid R744 Køle med tovejs ventil 14 L. 10 KG.";"60";"1";"0";"0"
"1620";"Carbondioxid 20 L. 15 KG";"60";"1";"0";"0"
"162040S";"Carbondioxid 4.0 LAB LINE 20 L. 15 KG";"60";"1";"1";"0"
"162040SSG";"Carbondioxid 4.0 LAB LINE 20 L. 15 KG";"0";"0";"0";"0"
"162045DS";"Carbondioxid 4.5 LAB LINE 20 L. 15 KG";"0";"0";"0";"0"
"162045DSSG";"Carbondioxid 4.5 LAB LINE 20 L. 15 KG";"0";"0";"0";"0"
"162045S";"Carbondioxid 4.5 LAB LINE 20 L. 15 KG";"60";"1";"1";"0"
"162045SSG";"Carbondioxid 4.5 LAB LINE 20 L. 15 KG";"0";"0";"0";"0"
"162046S";"Carbondioxid 4.6 LAB LINE 20 L. 15 KG";"0";"0";"0";"0"
"162046SSG";"Carbondioxid 4.6 LAB LINE 20 L. 15 KG";"0";"0";"0";"0"
"162048S";"Carbondioxid 4.8 LAB LINE 20 L. 15 KG";"0";"0";"0";"0"
"1620D";"Carbondioxid 20 L. 15 KG Flydende";"60";"1";"0";"0"
"1620DR";"Carbondioxid R744 Køle 20L, 15kg";"60";"1";"0";"0"
"1620DSG";"Carbondioxid 20 L. 15 KG Flydende";"0";"0";"0";"0"
"1620F";"Carbondioxid PHARMA LINE 20 L. 15 KG";"36";"1";"0";"1"
"1620L";"Carbondioxid FOOD LINE 20 L. 15 KG";"60";"1";"0";"0"
"1620LSG";"Carbondioxid FOOD LINE 20 L. 15 KG";"0";"0";"0";"0"
"1620SG";"Carbondioxid 20 L. 15 KG.";"0";"0";"0";"0"
"1620TR";"Carbondioxid R744 Køle med tovejs ventil 20 L. 15 KG.";"60";"1";"0";"0"
"1626";"Carbondioxid 26 L. 20 KG";"0";"0";"0";"0"
"162640S";"Carbondioxid 4.0 LAB LINE 26 L. 20 KG";"0";"0";"0";"0"
"162646S";"Carbondioxid 4.6 LAB LINE 26 L. 20 KG";"0";"0";"0";"0"
"162648S";"Carbondioxid 4.8 LAB LINE 26 L. 20 KG";"0";"0";"0";"0"
"163060S";"Carbondioxid 6.0 LAB LINE 30 L. SFC/SFE";"0";"0";"0";"0"
"1640";"Carbondioxid 40 L. 26 KG";"60";"1";"0";"0"
"164040S";"Carbondioxid 4.0 LAB LINE 40 L. 26 KG";"0";"0";"0";"0"
"164045DS";"Carbondioxid 4.5 LAB LINE 40 L. 26 KG";"0";"0";"0";"0"
"164045DSSG";"Carbondioxid 4.5 LAB LINE 40 L. 26 KG";"0";"0";"0";"0"
"164045S";"Carbondioxid 4.5 LAB LINE 40 L. 26 KG";"60";"1";"1";"0"
"164045SSG";"Carbondioxid 4.5 LAB LINE 40 L. 26 KG";"0";"0";"0";"0"
"164046S";"Carbondioxid 4.6 LAB LINE 40 L. 26 KG";"0";"0";"0";"0"
"164055S";"Carbondioxid 5.5 Lab Line 40 L. 30 KG";"60";"1";"1";"0"
"1640D";"Carbondioxid 40 L. 26 KG Flydende";"60";"1";"0";"0"
"1640DR";"Carbondioxid R744 Køle 40 L. 26 KG";"60";"1";"0";"0"
"1640DSG";"Carbondioxid 40 L. 26 KG Flydende";"0";"0";"0";"0"
"1640F";"Carbondioxid PHARMA LINE 40 L 26 kg.";"36";"1";"0";"1"
"1640L";"Carbondioxid FOOD LINE 40 L. 26 KG";"60";"1";"0";"0"
"1640LD";"Carbondioxid FOOD LINE 40 L. 26 KG";"0";"0";"0";"0"
"1640LSG";"Carbondioxid FOOD LINE 40 L. 26 KG";"0";"0";"0";"0"
"1640M";"Carbondioxid Med. 40 L. 26 KG";"0";"0";"0";"0"
"1640SG";"Carbondioxid 40 L. 26 KG";"0";"0";"0";"0"
"165045DS";"Carbondioxid 4.5 LAB LINE 50 L. 37,5 KG";"0";"0";"0";"0"
"165045DSSG";"Carbondioxid 4.5 LAB LINE 50 L. 37,5 KG";"0";"0";"0";"0"
"165045S";"Carbondioxid 4.5 LAB LINE 50 L. 37,5 KG";"60";"1";"1";"0"
"165045SSG";"Carbondioxid 4.5 LAB LINE 50 L. 37,5 KG";"0";"0";"0";"0"
"165055DS";"Carbondioxid 5.5 LAB LINE 50 L. 32 KG";"60";"1";"1";"0"
"165055DSSG";"Carbondioxid 5.5 LAB LINE 50 L. 32 KG";"0";"0";"0";"0"
"165055S";"Carbondioxid 5.5 LAB LINE 50 L. 32 KG";"60";"1";"1";"0"
"1650D";"Carbondioxid 50 L. 37,5 KG flydende";"60";"1";"0";"0"
"1650DSG";"Carbondioxid 50 L. 37,5 KG flydende";"0";"0";"0";"0"
"1650F";"Carbondioxid PHARMA LINE 50 L 37,5 kg.";"36";"1";"0";"1"
"1650M";"Carbondioxid Med. 50 L. 37,5 KG";"0";"0";"0";"0"
"1661HT";"Carbondioxid Flydende 208 L. 15 bar";"60";"1";"0";"0"
"1663HT";"Carbondioxid Flydende 176 L. 15 bar";"60";"1";"0";"0"
"1665LHT";"Carbondioxid FOOD LINE Flydende 600 L. 20 bar";"60";"1";"0";"0"
"1670";"";"0";"0";"0";"0"
"1671";"Carbondioxid 0940 234 KG";"60";"1";"0";"0"
"167130PSG";"Carbondioxid 3.0 PRO LINE 0940 234 KG";"60";"1";"1";"0"
"167130SG";"Carbondioxid 3.0 Flydende 0940 234 KG";"60";"1";"1";"0"
"167140S";"Carbondioxid 4.0 LAB LINE 0940 234 KG";"0";"0";"0";"0"
"167140SSG";"Carbondioxid 4.0 LAB LINE 0940 234 KG";"0";"0";"0";"0"
"1671D";"Carbondioxid 0940 234 KG Flydende";"60";"1";"0";"0"
"1671DR";"Carbondioxid R744 Køle  0940 234 KG";"60";"1";"0";"0"
"1671DSG";"Carbondioxid 0940 234 KG Flydende";"0";"0";"0";"0"
"1671L";"Carbondioxid FOOD LINE 0940 234 KG";"60";"1";"0";"0"
"1671LSG";"Carbondioxid FOOD LINE 0940 234 KG";"0";"0";"0";"0"
"1671SG";"Carbondioxid 0940 234 KG";"0";"0";"0";"0"
"1680";"Carbondioxid 80 L. 60 KG";"0";"0";"0";"0"
"1690";"Tørispiller Løse KG";"0";"0";"0";"0"
"169010";"Tøris Piller 10 kg";"0";"0";"0";"0"
"169025";"Tøris skiver 25x210x125 mm";"0";"0";"0";"0"
"169034";"Tøris piller 3,4 kg pose";"0";"0";"0";"0"
"1690L";"Tørispiller FOOD LINE Løse";"0";"0";"0";"0"
"1691";"Tørisskiver 25 MM Løse kg";"0";"0";"0";"0"
"1698";"Carbondioxid TECH LINE Flydende KG";"0";"0";"0";"0"
"1698L";"Carbondioxid FOOD LINE Flydende KG";"0";"0";"0";"0"
"1704M";"Dinitrogenoxid MED LINE 4 L.";"36";"1";"0";"1"
"171045S";"Dinitrogenoxid 4.5 LAB LINE 10 L.";"0";"0";"0";"0"
"1710F";"Dinitrogenoxid PHARMA LINE 10L";"36";"1";"0";"1"
"1710M";"Dinitrogenoxid MED LINE 10 L.";"36";"1";"0";"1"
"1710MSG";"Dinitrogenoxid Med. 10 L.";"0";"0";"0";"0"
"1710S";"Dinitrogenoxid LAB LINE 10 L.";"60";"1";"1";"0"
"1740";"Dinitrogenoxid 40 L. 28 KG";"60";"1";"0";"0"
"1740M";"Dinitrogenoxid Med. 40 L. 28 KG";"0";"0";"0";"0"
"175025S";"Dinitrogenoxid 2.5 LAB LINE 50 L. 37 KG";"0";"0";"0";"0"
"1750F";"Dinitrogenoxid PHARMA LINE 50L";"36";"1";"0";"1"
"1750M";"Dinitrogenoxid MED LINE 50 L. 37 KG";"36";"1";"0";"1"
"1750MSG";"Dinitrogenoxid Med. 50 L. 37 KG";"0";"0";"0";"0"
"1750S";"Dinitrogenoxid LAB LINE 50 L. 37 KG";"60";"1";"1";"0"
"1802";"Helium 2 L. 200 bar";"0";"0";"0";"0"
"1804";"Helium 4 L. 200 bar";"0";"0";"0";"0"
"1805";"Helium 5 L. 200 bar";"0";"0";"0";"0"
"180518";"Ballonhelium 5 L. 200 bar";"0";"0";"0";"0"
"180550S";"Helium 5.0 LAB LINE 5 L. 150 bar";"0";"0";"0";"0"
"1805SG";"Helium 5 L. 200 bar";"0";"0";"0";"0"
"1810";"Helium 10 L. 200 bar";"60";"1";"1";"0"
"181018";"Ballonhelium 10 L. 200 bar";"60";"1";"0";"0"
"181018SG";"Ballonhelium 10 L. 200 bar";"0";"0";"0";"0"
"181050S";"Helium 5.0 LAB LINE 10 L. 200 bar";"60";"1";"1";"0"
"1820";"Helium 20 L. 200 bar 3,7 m3";"60";"1";"1";"0"
"182018";"Ballonhelium 20 L. 200 bar 3,7 m3";"60";"1";"0";"0"
"182048P";"Helium 4.8 PRO LINE 20 L. 200 bar 3,7 m3";"0";"0";"0";"0"
"182050S";"Helium 5.0 LAB LINE 20 L. 200 bar 3,7 m3";"60";"1";"1";"0"
"182050SSG";"Helium 5.0 LAB LINE 20 L. 200 bar 3,7 m3";"0";"0";"0";"0"
"182055S";"Helium 5.5 LAB LINE 20 L. 200 bar 3,7 m3";"60";"1";"1";"0"
"182055SSG";"Helium 5.5 LAB LINE 20 L. 200 bar 3,7 m3";"0";"0";"0";"0"
"182060S";"Helium 6.0 LAB LINE 20 L. 200 bar 3,7 m3";"60";"1";"1";"0"
"1820SG";"Helium 20 L. 200 bar 3,7 m3";"0";"0";"0";"0"
"1850";"Helium 50 L. 200 bar 9,3 m3";"60";"1";"0";"0"
"185018";"Ballonhelium 50 L. 200 bar 9,3  m3";"60";"1";"0";"0"
"185048P";"Helium 4.8 PRO LINE 50 L. 200 bar 9,3 m3";"0";"0";"0";"0"
"185050S";"Helium 5.0 LAB LINE 50 L. 200 bar 9,3 m3";"60";"1";"1";"0"
"185050SH";"Helium 5.0 LAB LINE 50 L 300 bar";"60";"1";"1";"0"
"185050SSG";"Helium 5.0 LAB LINE 50 L. 200 bar 9,3 m3";"0";"0";"0";"0"
"185055S";"Helium 5.5 LAB LINE 50 L. 200 bar 9,3 m3";"60";"1";"1";"0"
"185055SSG";"Helium 5.5 LAB LINE 50 L. 200 bar 9,3 m3";"0";"0";"0";"0"
"185060S";"Helium 6.0 LAB LINE 50 L. 200 bar 9,3 m3";"60";"1";"1";"0"
"185060SB";"Helium 6.0 LAB LINE BIP 50 L 200 bar 9,3 m3";"60";"1";"1";"0"
"185060SSG";"Helium 6.0 LAB LINE 50 L. 200 bar 9,3 m3";"0";"0";"0";"0"
"1850SG";"Helium 50 L. 200 bar 9,3 m3";"0";"0";"0";"0"
"1885";"Helium H1250 200 bar 111,6 m3";"60";"1";"0";"0"
"188555S";"Helium 5.5 LAB LINE H1250 200 b 111,6 m3";"0";"0";"0";"0"
"1885SG";"Helium H1250 200 bar 111,6 m3";"0";"0";"0";"0"
"1887";"Helium Internt 9x50 300 bar 117,76 m3";"60";"1";"0";"0"
"1888";"Helium XL-bat. 300 bar 167,3 m3";"60";"1";"0";"0"
"188818";"Ballonhelium XL-bat. 300 bar 167,3 m3";"60";"1";"0";"0"
"188850S";"Helium 5.0 LAB LINE XL-bat. 300 bar";"60";"1";"1";"0"
"1888SG";"Helium XL-bat. 300 bar 167,3 m3";"0";"0";"0";"0"
"1901";"F-GAS   PRIMUS 2000";"0";"0";"0";"0"
"1902";"Propan, 2 kg stål-CGI, incl afgift";"0";"0";"0";"0"
"19021";"Propan, 2 kg stål, incl afgift";"0";"0";"0";"0"
"19022";"Propan, 2 kg stål-KOSAN, incl afgift";"0";"0";"0";"0"
"1903";"Propan, 3 kg stål-CGI, incl afgift";"0";"0";"0";"0"
"1905";"Propan, 5 kg stål, incl. afgift";"0";"0";"0";"0"
"19051";"Propan, 5 kg komp., incl afgift";"0";"0";"0";"0"
"1906";"Propan, 6 kg CARAVAN alu, incl afgift";"0";"0";"0";"0"
"1910";"Propan, 10 kg komp., incl. afgift";"0";"0";"0";"0"
"19101";"TRUCK GAS 10 kg Komposit Incl. afgift";"0";"0";"0";"0"
"191025S";"Propan 2.5 10 L.";"60";"1";"0";"0"
"191035S";"Propan 3.5 10 L.";"60";"1";"0";"0"
"1910R";"Propan R290 10 L 4,2 kg";"0";"0";"0";"0"
"1911";"Propan, 11 kg stål, incl. afgift";"0";"0";"0";"0"
"19111";"Propan, 11 kg ALU-TRUCK, incl afgift";"0";"0";"0";"0"
"1912";"TRUCKGAS 11 Kg Alu. incl. afgift";"0";"0";"0";"0"
"1914R";"Propan R290 14,3 L 6,0 kg";"60";"1";"0";"0"
"1917";"Propan, 17 kg stål, incl. afgift";"0";"0";"0";"0"
"1918";"TRUCKGAS INCL.CO2/GASAFGIFT";"0";"0";"0";"0"
"1922";"Propan, 22 kg stål, incl afgift";"0";"0";"0";"0"
"1930";"Propan, 30 kg stål, incl afgift";"0";"0";"0";"0"
"1933";"Propan, 33 kg stål, incl. afgift";"0";"0";"0";"0"
"194025S";"Propan 2.5";"0";"0";"0";"0"
"195035S";"Propan 3.5 50 L";"0";"0";"0";"0"
"1950R";"Propan R290 50 L 21 kg";"60";"1";"0";"0"
"1979R";"Propan R290 79 L 33 kg";"60";"1";"0";"0"
"200425S";"Methan 2.5 4 L. 150 bar";"60";"1";"0";"0"
"201025S";"Methan 2.5 10 L.";"0";"0";"0";"0"
"201035S";"Methan 3.5 LAB LINE 10 L.";"60";"1";"1";"0"
"201045S";"Methan 4.5 LAB LINE 10 L.";"60";"1";"1";"0"
"201055SSG";"Methan 5.5 LAB LINE 10 L.";"0";"0";"0";"0"
"204025S";"Methan 2.5 40 L.";"0";"0";"0";"0"
"205025";"Methan 2.5 50 L.";"60";"1";"0";"0"
"205045S";"Methan 4.5 LAB LINE 50 L.";"60";"1";"1";"0"
"205050S";"Methan 5.0 LAB LINE 50 L.";"60";"1";"1";"0"
"208525";"Methan 2.5 H1250";"60";"1";"0";"0"
"211030S";"Carbonmonoxid 3.0 8 L.";"0";"0";"0";"0"
"2114R";"Propylene R1270 14,3 L 6,1 kg";"60";"1";"0";"0"
"2133";"Promix 34 kilo";"60";"1";"0";"0"
"21344";"Promix 820 L / 344 kg Tromle";"0";"0";"0";"0"
"21387";"Promix 900 L / 387 kg Tromle";"0";"0";"0";"0"
"2150134R";"Tetrafluorethane R134a 50 L 54 Kg";"60";"1";"0";"0"
"220335S";"Iso. Butan 3.5 LAB LINE 3 L.";"0";"0";"0";"0"
"2214R";"Iso-Butan R600a 14,3 L 7,0 kg";"60";"1";"0";"0"
"2306";"1- butene 2.6, 6,0 kg";"60";"1";"0";"0"
"300502";"Argonmix 2 (O2) 5 L. 200 bar";"0";"0";"0";"0"
"300508";"Argonmix 8 (O2) 5 L. 200 bar";"0";"0";"0";"0"
"301002";"Argonmix 2 (O2) 10 L. 200 bar";"60";"1";"0";"0"
"301008";"Argonmix 8 (O2) 10 L. 200 bar";"60";"1";"0";"0"
"302002";"Argonmix 2 (O2) 20 L. 200 bar 4,4 m3";"60";"1";"0";"0"
"302002SG";"Argonmix 2 (O2) 20 L. 200 bar 4,4 m3";"0";"0";"0";"0"
"302008";"Argonmix 8 (O2) 20 L. 200 bar 4,4 m3";"60";"1";"0";"0"
"302008SG";"Argonmix 8 (O2) 20 L. 200 bar 4,4 m3";"0";"0";"0";"0"
"305001";"Argonmix 1 (O2) 50 L. 200 bar 10,9 m3";"0";"0";"0";"0"
"305002";"Argonmix 2 (O2) 50 L. 200 bar 10,9 m3";"60";"1";"0";"0"
"305002SG";"Argonmix 2 (O2) 50 L. 200 bar 10,9 m3";"0";"0";"0";"0"
"305003";"Argonmix 3 (O2) 50 L. 200 bar 10,9 m3";"0";"0";"0";"0"
"305008";"Argonmix 8 (O2) 50 L. 200 bar 10,9 m3";"60";"1";"0";"0"
"307208";"Argonmix 8 (O2) L1240 150 bar 76,8 m3";"0";"0";"0";"0"
"308408";"Argonmix 8 (O2) H3640 200 bar 313,2 m3";"0";"0";"0";"0"
"308508";"Argonmix 8 (O2) H1250 200 bar 130,8 m3";"0";"0";"0";"0"
"308508K";"Argonmix 8 (8% O2 - rest Ar) (fylde ID=1011, 600 Liter)";"0";"0";"0";"0"
"308802";"Argonmix 2 (O2) XL-bat. 300 bar 199,0 m3";"60";"1";"0";"0"
"308808";"Argonmix 8 (O2) XL-bat. 300 bar 199,0 m3";"0";"0";"0";"0"
"310502";"Argonmix 98-2 (CO2) 5 L. 200 bar";"0";"0";"0";"0"
"310518";"Argonmix 82-18 (CO2) 5 L. 200 bar";"60";"1";"0";"0"
"310518SG";"Argonmix 82-18 (CO2) 5 L. 200 bar";"0";"0";"0";"0"
"310523";"Argonmix 77/23 (CO2) 5 L. 200 bar";"0";"0";"0";"0"
"310523SG";"Argonmix 77/23 (CO2) 5 L. 200 b.";"0";"0";"0";"0"
"311002";"Argonmix 98-2 (CO2) 10 L. 200 bar";"0";"0";"0";"0"
"311008";"Argonmix 92-8 (CO2) 10 L. 200 bar";"0";"0";"0";"0"
"311018";"Argonmix 82-18 (CO2) 10 L. 200 bar";"60";"1";"0";"0"
"311018K";"Argonmix 82-18 (CO2) 10 L. 200 bar";"0";"0";"0";"0"
"312002";"Argonmix 98-2 (CO2) 20 L. 200 bar 4,4 m3";"60";"1";"0";"0"
"312002SG";"Argonmix 98-2 (CO2) 20 L. 200 bar 4,4 m3";"0";"0";"0";"0"
"312008";"Argonmix 92-8 (CO2) 20 L. 200 bar 4,5 m3";"60";"1";"0";"0"
"312008SG";"Argonmix 92-8 (CO2) 20 L. 200 bar 4,5 m3";"0";"0";"0";"0"
"312018";"Argonmix 82-18 (CO2) 20 L. 200 bar 4,8 m3";"60";"1";"0";"0"
"312018Q";"Argonmix 82-18 (CO2) KVIK-TOP 20 L. 6,8 m3";"60";"1";"0";"0"
"312018QSG";"Argonmix 82-18 (CO2) KVIK-TOP 20 L.";"0";"0";"0";"0"
"312018SG";"Argonmix 82-18 (CO2) 20 L. 200 b 4,8 m3";"0";"0";"0";"0"
"312020";"Argonmix 80-20 (CO2) 20 L. 200 b 5,8 m3";"0";"0";"0";"0"
"312023";"Argonmix 77-23 (CO2) 20 L. 200 b 4,4 m3";"60";"1";"0";"0"
"312023SG";"Argonmix 77-23 (CO2) 20 L. 200 b 4,4 m3";"0";"0";"0";"0"
"314018";"Argonmix 82-18 (CO2) 40 L. 200 b 9,5 m3";"60";"1";"0";"0"
"315002";"Argonmix 98-2 (CO2) 50 L. 200 b 11,0 m3";"60";"1";"0";"0"
"315002SG";"Argonmix 98-2 (CO2) 50 L. 200 b 11,0 m3";"0";"0";"0";"0"
"315008";"Argonmix 92-8 (CO2) 50 L. 200 b 11,4 m3";"60";"1";"0";"0"
"315008Q";"Argonmix 92-8 (CO2) KVIK-TOP 50 L. 16,2 m3";"60";"1";"0";"0"
"315008SG";"Argonmix 92-8 (CO2) 50 L. 200 b 11,4 m3";"0";"0";"0";"0"
"315012";"Argonmix 88-12 (CO2) 50 L. 200 bar - KUN TIL SAB";"60";"1";"0";"0"
"315018";"Argonmix 82-18 (CO2) 50 L. 200 bar 11,9 m3";"60";"1";"0";"0"
"315018K";"Argonmix 82-18 (CO2) 50 L. 200 bar 11,9 m3";"0";"0";"0";"0"
"315018Q";"Argonmix 82-18 (CO2) KVIK-TOP 50 L. 17,10 m3";"60";"1";"0";"0"
"315018QK1";"Argonmix 82-18 (CO2) (YARAPRAXAIR) KVIK-TOP 50 L. 11,9 m3";"0";"0";"0";"0"
"315018QK2";"Argonmix 82-18 (CO2) (YARAPRAX QUICK) KVIK-TOP 50 L. 11,9 m3";"0";"0";"0";"0"
"315018QSG";"Argonmix 82-18 (CO2) KVIK-TOP 50 L.";"0";"0";"0";"0"
"315018SG";"Argonmix 82-18 (CO2) 50 L. 200 b 11,9 m3";"0";"0";"0";"0"
"315020";"Argonmix 80-20 (CO2) 50 L 200 bar 12,0 m3";"60";"1";"0";"0"
"315020SG";"Argonmix 80-20 (CO2) 50 L 200 b 12,0 m3";"0";"0";"0";"0"
"315023";"Argonmix 77-23 (CO2) 50 L. 200 bar 12,2 m3";"60";"1";"0";"0"
"315023SG";"Argonmix 77-23 (CO2) 50 L.200 b 12,2 m3";"0";"0";"0";"0"
"317202";"Argonmix 98-2 (CO2) L1240 150 b 79,2 m3";"0";"0";"0";"0"
"317218";"Argonmix 82-18 (CO2) L1240 150 b 85,7 m3";"0";"0";"0";"0"
"317318";"Argonmix 82-18 (CO2) L2040 150 bar";"0";"0";"0";"0"
"318502";"Argonmix 98-2 (CO2) H1250 200 bar 132 m3";"60";"1";"0";"0"
"318508";"Argonmix 92-8 (CO2) H1250 200 b 136,8 m3";"60";"1";"0";"0"
"318508SG";"Argonmix 92-8 (CO2) H1250 200 b 136,8 m3";"0";"0";"0";"0"
"318518";"Argonmix 82-18 (CO2) H1250 200 bar 142,8 m3";"60";"1";"0";"0"
"318518K";"Argonmix 82-18 (CO2) H1250 200 bar 142,8 m3";"0";"0";"0";"0"
"318518SG";"Argonmix 82-18 (CO2) H1250 200 b 142,8m3";"0";"0";"0";"0"
"318523";"Argonmix 77-23 H1250 200 bar 142,8 m3";"0";"0";"0";"0"
"318802";"Argonmix 98-2 (CO2) XL-bat. 300 bar 207,3 m3";"60";"1";"0";"0"
"318808";"Argonmix 92-8 (CO2) XL-bat. 300 bar 207,3 m3  KUN TIL SAB";"60";"1";"0";"0"
"318808SG";"Argonmix 92-8 (CO2) XL-bat. 300 bar";"0";"0";"0";"0"
"318812";"Argonmix 88-12 (CO2) XL-bat. 300 Bar 211 m3";"60";"1";"0";"0"
"318818";"Argonmix 82-18 (CO2) XL-bat. 300 bar 218 m3";"60";"1";"0";"0"
"318818SG";"Argonmix 82-18 (CO2) XL-bat. 300 bar";"0";"0";"0";"0"
"321002P";"PRO LINE H2 10 L. 200 bar 2,2 m3";"0";"0";"0";"0"
"321002PK";"PRO LINE H2 10 L. 200 bar 2,2 m3";"0";"0";"0";"0"
"322002P";"PRO LINE H2 20 L. 200 bar 4,4 m3";"60";"1";"1";"0"
"322002PSG";"PRO LINE H2 20 L. 200 bar 4,4 m3";"0";"0";"0";"0"
"322003P";"PRO LINE H3 20 L. 200 bar 4,4 m3";"60";"1";"1";"0"
"322004P";"PRO LINE H4 20 L. 200 bar 4,4 m3";"60";"1";"1";"0"
"322004PSG";"PRO LINE H4 20 L. 200 bar 4,4 m3";"0";"0";"0";"0"
"322005P";"PRO LINE H5 20 L. 200 bar 4,3 m3";"60";"1";"1";"0"
"322007P";"PRO LINE H7 20 L. 200 bar 4,3 m3";"60";"1";"1";"0"
"322010P";"PRO LINE H10 20 L. 200 bar 4,3 m3";"60";"1";"1";"0"
"322020P";"PRO LINE H20 20 L. 200 bar 4,2 m3";"0";"0";"0";"0"
"3250002PK";"PRO LINE H2 50 L. 200 bar 10,9 m3";"0";"0";"0";"0"
"325001P";"PRO LINE H1 50 L. 200 bar 10,9 m3";"60";"1";"1";"0"
"325002P";"PRO LINE H2 50 L. 200 bar 10,9 m3";"60";"1";"1";"0"
"325002PK";"PRO LINE H2 50 L. 200 bar 10,9 m3";"0";"0";"0";"0"
"325002PSG";"PRO LINE H2 50 L. 200 bar 10,9 m3";"0";"0";"0";"0"
"325003P";"PRO LINE H3 50 L. 200 bar 10,9 m3";"60";"1";"1";"0"
"325004P";"PRO LINE H4 50 L. 200 bar 10,9 m3";"60";"1";"1";"0"
"325004PSG";"PRO LINE H4 50 L. 200 bar 10,9 m3";"0";"0";"0";"0"
"325005P";"PRO LINE H5 50 L. 200 bar 10,8 m3";"60";"1";"1";"0"
"325005PK";"PRO LINE H5 50 L. 200 bar 10,8 m3";"0";"0";"0";"0"
"325005PSG";"PRO LINE H5 50 L. 200 bar 10,8 m3";"0";"0";"0";"0"
"325007P";"PRO LINE H7 50 L. 200 bar 10,8 m3";"60";"1";"1";"0"
"325007PK";"PRO LINE H7 50 L. 200 bar 10,8 m3";"0";"0";"0";"0"
"325007PSG";"PRO LINE H7 50 L. 200 bar 10,8 m3";"0";"0";"0";"0"
"325010P";"PRO LINE H10 50 L. 200 bar 10,7 m3";"60";"1";"1";"0"
"325010PSG";"PRO LINE H10 50 L. 200 bar 10,7 m3";"0";"0";"0";"0"
"325015P";"PRO LINE H15 50 L. 200 bar 10,6 m3";"0";"0";"0";"0"
"325020P";"PRO LINE H20 50 L. 200 bar 10,5 m3";"60";"1";"1";"0"
"325020PK";"PRO LINE H20 50 L. 200 bar 10,5 m3";"0";"0";"0";"0"
"325035P";"PRO LINE H35 50 L. 200 bar 10,3 m3";"60";"1";"1";"0"
"325035PK";"PRO LINE H35 50 L. 200 bar 10,3 m3";"0";"0";"0";"0"
"325035PSG";"PRO LINE H35 50 L. 200 bar 10,3 m3";"0";"0";"0";"0"
"327135P";"PRO LINE H35 H0950 200 bar";"60";"1";"1";"0"
"328204P";"PRO LINE H4 H1240 200 bar 104,4 m3";"0";"0";"0";"0"
"328402P";"PRO LINE H2 H3640 200 bar 313,2 m3";"0";"0";"0";"0"
"328502P";"PRO LINE H2 H1250 200 bar 130,8 m3";"60";"1";"1";"0"
"328502PSG";"PRO LINE H2 H1250 200 bar 130,8 m3";"0";"0";"0";"0"
"328504P";"PRO LINE H4 H1250 200 bar 130,8 m3";"60";"1";"1";"0"
"328505P";"PRO LINE H5 H1250 200 bar 132 m3";"60";"1";"1";"0"
"328505PSG";"PRO LINE H5 H1250 200 bar 132 m3";"0";"0";"0";"0"
"328507P";"PRO LINE H7 H1250 200 bar 129,6 m3";"0";"0";"0";"0"
"331030P";"PRO LINE HE30 10 L. 200 bar 2,0 m3";"0";"0";"0";"0"
"331050P";"PRO LINE HE50 10 L. 200 bar 1,9 m3";"0";"0";"0";"0"
"332015P";"PRO LINE HE15 20 L. 200 bar";"60";"1";"1";"0"
"332020P";"PRO LINE HE20 20 L. 200 bar 4,1 m3";"0";"0";"0";"0"
"332030P";"PRO LINE HE30 20 L. 200 bar 4,0 m3";"60";"1";"1";"0"
"332030PSG";"PRO LINE HE30 20 L. 200 bar 4,0 m3";"0";"0";"0";"0"
"332050P";"PRO LINE HE50 20 L. 200 bar 3,8 m3";"60";"1";"1";"0"
"332070P";"PRO LINE HE70 20 L. 200 bar 3,7 m3";"60";"1";"1";"0"
"335010P";"PRO LINE HE10 50 L. 200 bar 10,6 m3";"0";"0";"0";"0"
"335015P";"PRO LINE HE15 50 L. 200 bar 10,4 m3";"60";"1";"1";"0"
"335020P";"PRO LINE HE20 50 L. 200 bar 10,3 m3";"60";"1";"1";"0"
"335030P";"PRO LINE HE30 50 L. 200 bar 10,0 m3";"60";"1";"1";"0"
"335030PSG";"PRO LINE HE30 50 L. 200 bar 10,0 m3";"0";"0";"0";"0"
"335050P";"PRO LINE HE50 50 L. 200 bar 9,4 m3";"60";"1";"1";"0"
"335050PSG";"PRO LINE HE50 50 L. 200 bar 10,0 m3";"0";"0";"0";"0"
"335070P";"PRO LINE HE70 50 L. 200 bar 9,3 m3";"60";"1";"1";"0"
"335070PSG";"PRO LINE HE70 50 L. 200 bar 9,3 m3";"0";"0";"0";"0"
"338515P";"PRO LINE HE15, H1250,  200 bar, 125,0 m3";"60";"1";"1";"0"
"338530P";"PRO LINE HE30 H1250 200 bar 120,0 m3";"0";"0";"0";"0"
"338530PSG";"PRO LINE HE30 H1250 200 bar 120,0 m3";"0";"0";"0";"0"
"338550P";"PRO LINE HE50 H1250 200 bar 113,0 m3";"60";"1";"1";"0"
"338850P";"PRO LINE HE50 XL-bat. 300 bar 170,0 m3";"60";"1";"1";"0"
"3450152006P";"PRO LINE HE15-H2-CO2(0,06) 50 L. 200 bar";"0";"0";"0";"0"
"390505";"Formiergas 95-5 5 L. 200 bar";"60";"1";"0";"0"
"391010";"Formiergas 90-10 10 L. 200 bar 1,9 m3";"60";"1";"0";"0"
"392005";"Formiergas 95-5 20 L. 200 bar 3,8 m3";"60";"1";"0";"0"
"392010";"Formiergas 90-10 20 L. 200 bar 3,8 m3";"60";"1";"0";"0"
"392010Q";"Formiergas 90-10 20 L 200 Bar KVIK-TOP";"60";"1";"0";"0"
"392010SG";"Formiergas 90-10 20 L. 200 bar 3,8 m3";"0";"0";"0";"0"
"395005";"Formiergas 95-5 50 L. 200 bar 9,8 m3";"60";"1";"0";"0"
"395005P";"Formiergas 95-5 PRO LINE 50 L. 200 bar";"60";"1";"1";"0"
"395005SG";"Formiergas 95-5 50 L. 200 bar 9,8 m3";"0";"0";"0";"0"
"395010";"Formiergas 90-10 50 L. 200 bar 9,6 m3";"60";"1";"0";"0"
"395010K";"Formiergas 90-10 50 L. 200 bar 9,6 m3";"0";"0";"0";"0"
"395010P";"Formiergas 90-10 PRO LINE 50 L. 200 bar 9,6 m3";"60";"1";"1";"0"
"395010PSG";"PRO LINE Formiergas 90-10 50 L. 200 bar";"0";"0";"0";"0"
"395010Q";"Formiergas 90-10 50 L 200 bar 9,6 m3 KVIK-TOP";"60";"1";"0";"0"
"395010SG";"Formiergas 90-10 50 L. 200 bar 9,6 m3";"0";"0";"0";"0"
"397210";"Formiergas 90-10 L1240 150 bar 69,6 m3";"0";"0";"0";"0"
"398210";"Formiergas 90-10 H1240 200 bar 92,4 m3";"0";"0";"0";"0"
"398510";"Formiergas 90-10 H1250 200 bar 115,2 m3";"60";"1";"0";"0"
"398510K";"Formiergas 90-10 H1250 200 bar 115,2 m3";"0";"0";"0";"0"
"398510P";"Formiergas 90-10 PRO LINE H1250 200 bar";"60";"1";"1";"0"
"398510SG";"Formiergas 90-10 H1250 200 bar 115,2 m3";"0";"0";"0";"0"
"398710";"Formiergas 90-10 H0950 200 bar 87 m3";"60";"1";"0";"0"
"40200505";"Argonmix 90-5-5 20 L. 200 bar 4,4 m3";"0";"0";"0";"0"
"40200606";"Argonmix 88-6-6 20 L. 200 bar 4,4 m3";"60";"1";"0";"0"
"40200606SG";"Argonmix 88-6-6 20 L. 200 bar 4,4 m3";"0";"0";"0";"0"
"40500102";"Argonmix 97-1-2 50 L. 200 bar 10,9 m3";"60";"1";"0";"0"
"40500103";"Argonmix 96-3-1 50 L. 200 bar 11,2 m3";"60";"1";"0";"0"
"40500302";"Argonmix HS3 50 L. 200 bar 10,9 m3";"0";"0";"0";"0"
"40500403";"Argonmix 93 - He4 - Co2 - 3";"0";"0";"0";"0"
"40500505";"Argonmix 90-5-5 50 L. 200 bar 10,9 m3";"0";"0";"0";"0"
"40500606";"Argonmix 88-6-6 50 L. 200 bar 11,2 m3";"60";"1";"0";"0"
"40500606SG";"Argonmix 88-6-6 50 L. 200 bar 11,2 m3";"0";"0";"0";"0"
"40850505K";"Argonmix 90-5-5 H1250 200 bar";"0";"0";"0";"0"
"40850606";"Argonmix 88-6-6 H1250 200 bar 134,4 m3";"60";"1";"0";"0"
"40850606SG";"Argonmix 88-6-6 H1250 200 bar 134,4 m3";"0";"0";"0";"0"
"40880103";"Argonmix 96-3-1 (CO2) XL Bat. 300 bar 218 m3";"60";"1";"0";"0"
"40880606";"Argonmix 88-6-6 XL-bat. 300 bar 209 m3";"60";"1";"0";"0"
"41500301";"Argonmix 96-3-H1 50 L. 200 bar 10,9 m3";"60";"1";"0";"0"
"42200215";"PRO LINE ROA 3 20 L. 200 bar 4,2 m3";"60";"1";"0";"0"
"42200215SG";"PRO LINE ROA 3 20 L. 200 bar 4,2 m3";"0";"0";"0";"0"
"42200230";"Argonmix 68-2 CO2-HE30 20L.200 bar";"60";"1";"0";"0"
"42500215";"PRO LINE ROA 3 50 L. 200 bar 10,5 m3";"60";"1";"0";"0"
"42500215SG";"PRO LINE ROA 3 50 L. 200 bar 10,5 m3";"0";"0";"0";"0"
"42500230";"Argonmix 68-2CO2-HE30 50 L. 200 bar";"60";"1";"0";"0"
"43500102";"Argonmix 97-H1-HE2 50 L. 200 bar 10,9 m3";"0";"0";"0";"0"
"43500102P";"Argonmix 97-H1-HE2 PRO 50 L. 200 bar";"0";"0";"0";"0"
"43500208P";"Argonmix 90-H2-HE8 PRO 50 L. 200 bar";"0";"0";"0";"0"
"43500401P";"Argonmix 95,89-H4-CO2(0,11) PRO 50 L 200 Bar";"60";"1";"0";"0"
"4350180201";"Argonmix HE2-H1 50L 200 Bar";"60";"1";"0";"0"
"43850401P";"Argonmix 95,89-H4-CO2(0,11) PRO H1250";"60";"1";"0";"0"
"44201005";"Argonmix 85-N10-H5 20 L. 200 bar 4,3 m3";"0";"0";"0";"0"
"44501005";"Argonmix 85-N10-H5 50 L. 200 bar 10,7 m3";"0";"0";"0";"0"
"4705P";"PRO LINE ROA 5 L. 200 bar";"60";"1";"0";"0"
"4710P";"PRO LINE ROA 10 L. 200 bar 2,2 m3";"60";"1";"0";"0"
"472002P";"PRO LINE ROA 2 20 L. 200 bar 4,4 m3";"60";"1";"0";"0"
"472002PSG";"PRO LINE ROA 2 20 L. 200 bar 4,4 m3";"0";"0";"0";"0"
"4720P";"PRO LINE ROA 20 L. 200 bar 4,4 m3";"60";"1";"0";"0"
"4720PSG";"PRO LINE ROA 20 L. 200 bar 4,4 m3";"0";"0";"0";"0"
"4740P";"PRO LINE ROA 40 L. 200 bar";"0";"0";"0";"0"
"475002P";"PRO LINE ROA 2 50 L. 200 bar 10,7 m3";"60";"1";"0";"0"
"475002PSG";"PRO LINE ROA 2 50 L. 200 bar 10,7 m3";"0";"0";"0";"0"
"475031P";"PRO LINE ROA 31 50 L. 200 bar 10,7 m3";"0";"0";"0";"0"
"4750P";"PRO LINE ROA 50 L. 200 bar 10,9 m3";"60";"1";"0";"0"
"4750PQ";"PRO LINE ROA KVIK-TOP 50 L. 300 bar 15,48 m3";"60";"1";"0";"0"
"4750PSG";"PRO LINE ROA 50 L. 200 bar 10,9 m3";"0";"0";"0";"0"
"478431P";"PRO LINE ROA 31 H3640 200 bar 309,6 m3";"0";"0";"0";"0"
"4784P";"PRO LINE ROA H3640 200 bar 313,2 m3";"0";"0";"0";"0"
"478502P";"PRO LINE ROA 2 H1250 200 bar 128,4 m3";"60";"1";"0";"0"
"4785P";"PRO LINE ROA H1250 200 bar 130,8 m3";"60";"1";"0";"0"
"478802P";"PRO LINE ROA 2 XL-bat. 300 bar 195,0 m3";"60";"1";"0";"0"
"4788P";"PRO LINE ROA XL-bat. 300 bar 195,0 m3";"60";"1";"0";"0"
"4810P";"PRO LINE PROAL 10 L. 200 bar 2,1 m3";"60";"1";"1";"0"
"4820P";"PRO LINE PROAL 20 L. 200 bar 4,1 m3";"60";"1";"1";"0"
"4820PSG";"PRO LINE PROAL 20 L. 200 bar 4,1 m3";"0";"0";"0";"0"
"4850P";"PRO LINE PROAL 50 L. 200 bar 10,3 m3";"60";"1";"1";"0"
"4850PSG";"PRO LINE PROAL 50 L. 200 bar 10,3 m3";"0";"0";"0";"0"
"4885P";"PRO LINE PROAL H1250 200 bar 123,6 m3";"60";"1";"1";"0"
"4950P";"PRO LINE PROLAZ  50 L. 200 bar 10 m3";"0";"0";"0";"0"
"4985P";"PRO LINE PROLAZ H1250 200 bar 120 m3";"0";"0";"0";"0"
"4988P";"PRO LINE PROLAZ XL-bat. 300 bar";"0";"0";"0";"0"
"500011601440";"Blandgas 60% N2 + 40% H2 (0,5 L.) 200 b";"0";"0";"0";"0"
"500111601440";"Blandgas 60% N2 + 40% H2  (1 L.)  200 b";"60";"1";"0";"0"
"500510211179S";"Synt. Luft 20,9% O2+79,1% N2 5 L. 200 b";"0";"0";"0";"0"
"500511501650";"Blandgas 50% N2 + 50% CO2 5 L 80 bar";"60";"1";"0";"0"
"500511501650SG";"Blandgas 50% N2 + 50% CO2 5 L 80 bar";"0";"0";"0";"0"
"501010211179";"Synt. Luft 20,9% O2+79,1% N2 10 L 200 b";"60";"1";"0";"0"
"50101021117950S";"Synt. Luft 5.0 LAB LINE 10 L. 200 bar";"60";"1";"1";"0"
"501010351165";"Blandgas 35% O2, 65% N2 10L";"60";"1";"0";"0"
"501011601440";"Blandgas 60% N2 + 40% H2 (10 L.) 200 bar";"60";"1";"0";"0"
"501011801S";"Blandgas 80%N2+10%H2+10%CO2(10 L.) 200 b";"60";"1";"0";"0"
"50101865P";"Lasergas Rofin 65%HE+19%N2+4%Co2+6%Co+3%O2+3%Xe 10 L 150 Bar";"60";"1";"1";"0"
"50101882";"Lasergas 82%He+13,5%N2+4,5%CO2 (10 L.)";"0";"0";"0";"0"
"501021671633S";"Analysegas 67%CO + 33%CO2 (10 L.) 200 b";"0";"0";"0";"0"
"502010021198";"Analysegas 98% N2 + 2% O2 20 L. 200 Bar";"60";"1";"0";"0"
"502010081192";"Analysegas 92% N2 + 8% O2 20 L. 200 Bar";"60";"1";"0";"0"
"502010211179";"Synt. Luft 20,9% O2+79,1% N2 20 L 200 b";"0";"0";"0";"0"
"50201021117950S";"Synt. Luft 5.0 LAB LINE 20 L. 200 bar";"60";"1";"1";"0"
"50201021117950SSG";"Synt. Luft 5.0 LAB LINE 20 L. 200 bar";"0";"0";"0";"0"
"502011601440";"Blandgas 60% N2 + 40% H2 (20L.) 200 bar";"0";"0";"0";"0"
"502011981602";"Blandgas 98% N2 + 2% CO2 (20L.) 200 bar";"0";"0";"0";"0"
"502012902010S";"10% CH4 i Argon LAB LINE (20 L.) 200 bar";"60";"1";"1";"0"
"502014071893";"Blandgas 7% H2 i He 20 liter 150 bar";"60";"1";"0";"0"
"5027150TYCO";"INERGEN 27 Liter 150 bar";"0";"0";"0";"0"
"5027200TYCO";"INERGEN 27 Liter 200 bar";"0";"0";"0";"0"
"504012902010S";"Analysegas 90%AR+10%Metan (40 L.) 200 b";"0";"0";"0";"0"
"504012952005S";"Analysegas 95%AR+5%Metan (40 L.) 200 bar";"0";"0";"0";"0"
"5040150TYCO";"INERGEN 40 Liter 150 bar";"0";"0";"0";"0"
"50401882";"Lasergas 82%He+13,5%N2+4,5%CO2 (40 L.)";"0";"0";"0";"0"
"5040200TYCO";"INERGEN 40 Liter 200 bar";"0";"0";"0";"0"
"505010011199";"Lab Line 1%O2 i Nitrogen";"60";"1";"1";"0"
"505010201180";"Blandgas 80% N2 + 20% O2 (50 L.) 200 bar";"60";"1";"0";"0"
"505010211179";"Synt. Luft 20,9% O2+79,1% N2 50 L. 200 b";"60";"1";"0";"0"
"50501021117950S";"Synt. Luft 5.0 LAB LINE 50 L. 200 bar";"60";"1";"1";"0"
"50501021117950SSG";"Synt. Luft 5.0 LAB LINE 50 L. 200 bar";"0";"0";"0";"0"
"50501021117955S";"Synt. Luft 5.5 LAB LINE 50L. 200 bar";"60";"1";"1";"0"
"50501021117955SSG";"Synt. Luft 5.5 LAB LINE 50L. 200 bar";"0";"0";"0";"0"
"505010211179MHT";"Synt. Luft Med. 20,9% 02+79,1% N2 50 L.";"0";"0";"0";"0"
"505010211179SG";"Synt. Luft 20,9% 02+79,1% N2 50 L. 200 b";"0";"0";"0";"0"
"505010951605";"Blandgas 95% O2 + 5% CO2 50 L 200 bar";"60";"1";"0";"0"
"505011251475";"Blandgas 25% N2 + 75% H2 50L. 200 bar";"0";"0";"0";"0"
"505011501450";"Blandgas 50% N2 + 50% H2 50 L 200 bar";"0";"0";"0";"0"
"505011601440";"Blandgas 60% N2 + 40% H2 (50L.) 200 bar";"60";"1";"0";"0"
"505011701430";"Blandgas 70% N2 + 30% H2 (50L.) 200 bar";"0";"0";"0";"0"
"505011801";"Blandgas 80% N2+10%H2+10%CO2 50 L. 200 bar";"60";"1";"0";"0"
"505011801S";"LAB LINE 80%N2+10%H2+10%CO2 (50 L.)";"60";"1";"1";"0"
"505011801SSG";"LAB LINE 80%N2+10%H2+10%CO2 (50 L.)";"0";"0";"0";"0"
"505011802S";"LAB LINE 85%N2+10%H2+5%CO2 50 L.";"60";"1";"1";"0"
"505011901810S";"Blandgas 90% N2 + 10% HE (50 L.) 200 bar";"0";"0";"0";"0"
"505011961404";"Blandgas 4% H2 i N2 50 L 200 bar 9,8 m3";"60";"1";"0";"0"
"505011961404S";"LAB LINE 96% N2 + 4% H2 (50L.) 200 bar";"60";"1";"1";"0"
"505011981402";"Blandgas 98% N2 + 2% H2 50L. 200 bar";"60";"1";"0";"0"
"505011991401";"Blandgas 99% N2 + 1% H2 50L. 200 bar";"60";"1";"0";"0"
"5050119971603S";"LAB LINE 2-komp.. FA (50L) 0,3% CO2 i N2, 0,01% (abs)";"60";"1";"1";"0"
"505012501050S";"Lab Line 50% Ar 5.0 i O2 5.2 50L 150 Bar";"60";"1";"1";"0"
"505012561840";"Blandgas 1,5%H2+2,5%CO2+40%He+56%Ar 50 L 200 Bar";"60";"1";"0";"0"
"5050126818301102P";"PRO LINE Blandgas 2%N2+30%He+68%Ar 50L 150 Bar";"60";"1";"1";"0"
"5050126918301001";"Blandgas 69% Ar + 30% He + 1% O2 50 L.";"0";"0";"0";"0"
"5050126918301001SG";"Blandgas 69% Ar + 30% He + 1% O2 50 L.";"0";"0";"0";"0"
"505012902010S";"Analysegas 90%AR+10%Metan(50 L.) 200 bar";"60";"1";"0";"0"
"505012902010SSG";"Analysegas 90%AR+10%Metan 50 L. 200 bar";"0";"0";"0";"0"
"505012921108";"Blandgas 92% Ar + 8% N2 50 L. 200 bar";"60";"1";"0";"0"
"505012931805";"Argonmix RST (50 L.) 200 bar";"0";"0";"0";"0"
"505012952005S";"Analysegas 95%AR+5%Metan (50 L.) 200 bar";"60";"1";"0";"0"
"505012952005SSG";"Analysegas 95%AR+5%Metan 50 L. 200 bar";"0";"0";"0";"0"
"505012981402";"Spectrometerargon 2% H2 i AR 50 L. 200 bar";"60";"1";"0";"0"
"505012981402SG";"Spectrometer Argon2%H2 i AR(50 L.) 200 b";"0";"0";"0";"0"
"505014751625";"Blandgas 75% H2 + 25% CO2 50 L 200 bar";"60";"1";"0";"0"
"505018281S";"Lasergas 28%He+60%N2+8%Co2+4%Co 50 L";"60";"1";"1";"0"
"50501840";"Lasergas 40%He+55%N2+5%CO2 50 L. 200 bar";"0";"0";"0";"0"
"50501840P";"Lasergas 40%He+55%N2+5%CO2 50 L. 200 bar";"60";"1";"1";"0"
"50501840S";"Lasergas 40%He+55%N2+5%CO2 50 L. 200 bar";"60";"1";"1";"0"
"505018601440";"Blandgas 60% HE + 40% H2 50 L 200 bar";"0";"0";"0";"0"
"50501861P";"Lasergas 61%He+34%N2+5%CO2 50 L.";"60";"1";"1";"0"
"50501861S";"Lasergas 61%He+34%N2+5%CO2 50 L.";"60";"1";"1";"0"
"50501865S";"Lasergas 65,45%He+31,40%N2+3,15%Co2 50L 150 bar";"60";"1";"1";"0"
"50501872S";"Lasergas 72%He+16%N2+8%CO2+4%CO 50 L.";"0";"0";"0";"0"
"505018741S";"Lasergas 74%He+16%N2+8%CO2+2%CO 50 L.";"60";"1";"1";"0"
"50501876P";"Lasergas 76%He+16%N2+6%CO2 50 L. 200 bar";"0";"0";"0";"0"
"50501881P";"Lasergas 81%He+15,6%N2+3,4%CO2 50 L.";"60";"1";"1";"0"
"50501881PSG";"Lasergas 81%He+15,6%N2+3,4%CO2 50 L.";"0";"0";"0";"0"
"50501881S";"Lasergas 81%He+15,6%N2+3,4%CO2 50 L.";"60";"1";"1";"0"
"50501881SSG";"Lasergas 81%He+15,6%N2+3,4%CO2 50 L.";"0";"0";"0";"0"
"505018821S";"Lasergas 82%He+8%N2+8%CO2+2%CO (50 L.)";"0";"0";"0";"0"
"50501882PSG";"Lasergas 82%He+13,5%N2+4,5%CO2 50 L.";"0";"0";"0";"0"
"50501882S";"Lasergas 82%He+13,5%N2+4,5%CO2 50 L.";"60";"1";"1";"0"
"50501882SSG";"Lasergas 82%He+13,5%N2+4,5%CO2 50 L.";"0";"0";"0";"0"
"5050471";"Blandgas for ROA 50 L";"60";"1";"0";"0"
"5050472";"Blandgas for ROA 2 50 L 200 bar 9,6 m3";"60";"1";"0";"0"
"5050473";"Blandgas for ROA 1 50 L";"60";"1";"0";"0"
"5067150TYCO";"INERGEN 67 Liter 150 bar";"0";"0";"0";"0"
"5067200TYCO";"INERGEN 67 Liter 200 bar";"0";"0";"0";"0"
"5080150TYCO";"INERGEN 80 Liter 150 bar";"0";"0";"0";"0"
"5080200TYCO";"INERGEN 80 Liter 200 bar";"0";"0";"0";"0"
"5080300TYCO";"INERGEN 80 Liter 300 bar";"0";"0";"0";"0"
"508314751625";"Blandgas 75% H2 + 25% CO2 H2040 200 bar";"60";"1";"0";"0"
"5084472";"Blandgas for ROA 31 H3640 200 bar";"0";"0";"0";"0"
"5084473";"Blandgas for ROA 31 H1250 200 bar";"0";"0";"0";"0"
"508510211179";"Synt. Luft 20,9% O2+79,1% N2 H1250";"60";"1";"0";"0"
"50851021117950S";"Synt. Luft 5.0 LAB LINE H1250 200 bar";"60";"1";"1";"0"
"508510211179SG";"Synt. Luft 20,9% O2+79,1% N2 H1250";"0";"0";"0";"0"
"508511501450";"Blandgas 50% N2 + 50% H2 H1250 200 bar";"0";"0";"0";"0"
"508511981402";"Blandgas 98% N2 + 2% H2 H1250 200 bar";"0";"0";"0";"0"
"508512981402";"Spectrometerargon 2% H2 i AR H1250 200 bar";"60";"1";"0";"0"
"508512981402SG";"Spectrometer Argon2%H2 i AR H1250 200 b";"0";"0";"0";"0"
"508514751625";"Blandgas 75% H2 + 25% CO2 H1250 200 bar";"0";"0";"0";"0"
"508518601440";"Blandgas 60% HE + 40% H2 H1250 200 bar";"60";"1";"0";"0"
"5085471";"Blandgas for ROA H1250 200 bar 108,5 m3";"60";"1";"0";"0"
"5085472";"Blandgas for ROA 2 H1250 200 bar 116 m3";"60";"1";"0";"0"
"5088471";"Blandgas for ROA XL-bat 200 bar 115,7 m3";"60";"1";"0";"0"
"5088472";"Blandgas for ROA 2 XL-bat 200 bar 123 m3";"60";"1";"0";"0"
"510210401360F";"PHARMA LINE 40% O2 i Atm. Luft 2 L.";"0";"0";"0";"0"
"510210401360M";"Med. Blandgas 40% O2 i Atm. luft 2 L 200 Bar";"0";"0";"0";"0"
"510210501750M";"Latoxblanding 50%O2+50%N2O (2 L.) 200 b";"0";"0";"0";"0"
"510310501750F";"PHARMA LINE Latox 50%O2+50%N2O 2,5 L 200 bar";"0";"0";"0";"0"
"510510401360F";"PHARMA LINE 40% O2 i Atm. Luft 5 L.";"36";"1";"1";"1"
"510510401360M";"MED LINE 40% O2 i Atm. luft 5 L. 200 bar";"36";"1";"1";"1"
"510510951605F";"PHARMA LINE 5% CO2 i O2 5 L. 150 bar";"36";"1";"1";"1"
"51101882M";"Med.Laserg. 82%HE+13,5%N2+4,5%CO2 (10 L)";"0";"0";"0";"0"
"512010201680M";"Med. Blandgas 80%CO2+20%O2 20 L 50 bar";"0";"0";"0";"0"
"512010301670M";"Med. Blandgas 70%CO2+30%O2 20 L 60 bar";"0";"0";"0";"0"
"512010701630M";"Med. Blandgas 70%O2+30%CO2 20 L 65 bar";"0";"0";"0";"0"
"512010801620M";"Med. Blandgas 80%O2+20%CO2 20 L 65 bar";"0";"0";"0";"0"
"51202499F";"PAHRMA LINE 0,5% CO2 i Synt. Luft 20 L. 150 Bar";"0";"0";"0";"0"
"515010101890F";"PHARMA LINE Heliox 90%HE+10%O2 50 L. 200 bar";"36";"1";"1";"1"
"515010141886F";"PHARMA LINE Heliox 86%HE+14%O2 50 L. 200 bar";"36";"1";"1";"1"
"515010161884F";"PHARMA LINE Heliox 84%HE+16%O2 50 L. 200 bar";"36";"1";"1";"1"
"515010171883M";"Heliox 83%HE+17%O2 Med. 50 L. 200 bar";"0";"0";"0";"0"
"515010201180F";"PHARMA LINE Nitrox 20%O2+80%N2 50 L. 200 bar";"36";"1";"1";"1"
"5150102111691809F";"PHARMA LINE 0,27%CO+9,0%He+20,9%O2 i N2 10 L.150 bar";"36";"1";"1";"1"
"5150102111731606F";"PHARMA LINE 21%O2+73%N2+6%CO2 50 L.";"36";"1";"1";"1"
"51501021178F";"PHARMA LINE 0,3%CO+0,5%Ne+20,9%O2 i N2 50 L. 150 bar";"36";"1";"1";"1"
"515010281172F";"PHARMA LINE Nitrox 28%O2+72%N2 50 L. 200 bar";"36";"1";"1";"1"
"515010301670F";"PHARMA LINE 70%CO2+30%O2 50 L. 200 b";"36";"1";"1";"1"
"515010401160F";"PHARMA LINE Nitrox 40%O2+60%N2 50 L. 200 bar";"36";"1";"1";"1"
"515010461154F";"PHARMA LINE Nitrox 46%O2+54%N2 50 L. 200 bar";"36";"1";"1";"1"
"515010501150I";"Nitroxblanding 50%O2+50%N2 50 L. 200 bar";"0";"0";"0";"0"
"515010501850F";"PHARMA LINE Heliox 50%HE+50%O2 50 L. 200 bar";"36";"1";"1";"1"
"515010601140F";"PHARMA LINE Nato 60%O2+40%N2 50 L. 200 bar";"36";"1";"1";"1"
"515010661834F";"PHARMA LINE Heliox 34%HE+66%O2 50 L. 200 bar";"36";"1";"1";"1"
"515010931607M";"Med. Blandgas 6,5% CO2 i O2 50 L 200 bar";"0";"0";"0";"0"
"515010951605DM";"Med. Blandgas 5% CO2 i O2 m dykrør 50 L";"0";"0";"0";"0"
"515010951605F";"PHARMA LINE 5% CO2 i O2 50 L. 150 bar";"36";"1";"1";"1"
"51501141F";"PHARMA LINE Trimix1 50L 200 bar.";"36";"1";"1";"1"
"515011801F";"PHARMA LINE 80% N2+10%H2+10%CO2 50 L.";"36";"1";"1";"1"
"515011991601F";"PHARMA LINE 0,6% CO2 i N2 50 L";"36";"1";"1";"1"
"515011991603F";"PHARMA LINE Blandgas 0,3 % CO2 i N2";"36";"1";"1";"1"
"515013951605F";"PHARMA LINE 5% CO2 i Synt. Luft 50 L";"36";"1";"1";"1"
"515013951605M";"Med. Blandgas 5% CO2 i synt.luft (50 L)";"0";"0";"0";"0"
"518510401160M";"Natoblanding 40%O2+60%N2 H1250 200 bar";"0";"0";"0";"0"
"520511701630L";"FOOD LINE 70%N2 + 30%CO2 (5 L.) 150 bar";"0";"0";"0";"0"
"522010701630L";"FOOD LINE 30 % CO2 i Oxygen (20 L.) 150 bar";"60";"1";"0";"0"
"522011701630L";"FOOD LINE 30%CO2 i NITROGEN (20 L.) 150 bar";"60";"1";"0";"0"
"522011801620L";"FOOD LINE 20%CO2 i NITROGEN (20 L.) 150 bar";"60";"1";"0";"0"
"525010701630L";"FOOD LINE 30%CO2 i OXYGEN 50 L. 150 bar";"60";"1";"0";"0"
"525010801620L";"FOOD LINE 20%CO2 i OXYGEN 50 L. 150 bar";"60";"1";"0";"0"
"525010901610L";"FOOD LINE 10%CO2 i OXYGEN 50 L. 200 bar";"60";"1";"0";"0"
"525011301670L";"FOOD LINE 70%CO2 + 30%N2 50 L. 70 bar";"0";"0";"0";"0"
"525011501650L";"FOOD LINE 50% CO2 I NITROGEN 50 L. 85 bar";"60";"1";"0";"0"
"525011601640L";"FOOD LINE 60%N2 + 40%CO2 50 L. 100 bar";"0";"0";"0";"0"
"525011701630L";"FOOD LINE 30%CO2 i NITROGEN 50 L. 150 bar";"60";"1";"0";"0"
"525011801620L";"FOOD LINE 20%CO2 i NITROGEN 50 L. 200 bar";"60";"1";"0";"0"
"527310801620L";"FOOD LINE 80%O2 + 20%CO2 (L2040) 150 bar";"0";"0";"0";"0"
"528510701630L";"FOOD LINE 30%CO2 i OXYGEN (L1250) 150 bar";"60";"1";"1";"0"
"528510801620L";"FOOD LINE 20%CO2 i OXYGEN (H1250) 200 bar";"60";"1";"1";"0"
"528510901610L";"FOOD LINE 10%CO2 i OXYGEN H1250 200 bar";"60";"1";"1";"0"
"528511701630L";"FOOD LINE 30%CO2 i NITROGEN (L1250) 150 bar";"60";"1";"1";"0"
"528511701630LK";"FOOD LINE 30%CO2 i NITROGEN (L1250) 150 bar";"0";"0";"0";"0"
"528511801620L";"FOOD LINE 20%CO2 i NITROGEN (H1250) 200 bar";"60";"1";"1";"0"
"55011020117416061S";"Calibration Gas 1, EUR";"0";"0";"0";"0"
"55011020117416062S";"Calibration Gas 1, ISD";"0";"0";"0";"0"
"5501102111741605S";"TC CAL 1";"0";"0";"0";"0"
"5501118916111S";"Calibration Gas 2, EUR";"0";"0";"0";"0"
"5501118916112S";"Calibration Gas 2, ISD";"0";"0";"0";"0"
"550111901610S";"TC CAL 2";"0";"0";"0";"0"
"550124991S";"LAB LINE 80ppm Propan i Synt. Luft 1 L. 150 Bar";"0";"0";"0";"0"
"550124992S";"LAB LINE 800ppm Propan i Synt. Luft 1 L. 150 Bar";"60";"1";"0";"0"
"55012499S";"LAB LINE 8ppm Propan i Synt. Luft 1 L. 150 Bar";"60";"1";"0";"0"
"550219011099";"0,66 % Propan i Synt. Luft.";"0";"0";"0";"0"
"550322002S";"Calgas 2";"0";"0";"0";"0"
"550322005S";"Testgas 94,4% O2+ 5,6% CO2";"0";"0";"0";"0"
"550323001S";"Calgas 1";"0";"0";"0";"0"
"550323003S";"Testgas 11,2% O2, 5,6% CO2, 83,2% N2";"0";"0";"0";"0"
"550323004S";"Testgas 56%O2, 11,2% CO2, 32,8%N2";"0";"0";"0";"0"
"550323006S";"Testgas 63,7%N2+32,3%O2+4,0%CO2";"0";"0";"0";"0"
"550323007S";"Testgas 81,0%O2+17,7%N2+1,3%CO2";"0";"0";"0";"0"
"550323008S";"Testgas 70,7%N2+18,2%O2+11,1%CO2";"0";"0";"0";"0"
"550323009S";"Testgas 77,0%N2+21,0%CO2+2,0%O2";"0";"0";"0";"0"
"550323010S";"Testgas 86,0%N2+5,5%O2+8,5%CO2";"0";"0";"0";"0"
"550323011S";"Testgas 7,0% O2, 5,6% CO2, 87,4%N2";"0";"0";"0";"0"
"550323012S";"Testgas 80,3%N2+14,1%O2+5,6%CO2";"0";"0";"0";"0"
"550323013S";"Testgas 81,71% N2, 14,05% CO2, 4,24% O2";"0";"0";"0";"0"
"550323014S";"Testgas 94,4% N2 + 5,6% Co2";"0";"0";"0";"0"
"55052200S";"LAB LINE 2-KOMP.FA (5 L.)";"0";"0";"0";"0"
"55052210S";"LAB LINE 2-KOMP.FB (5 L.)";"0";"0";"0";"0"
"55052300S";"LAB LINE 3-KOMP.FA (5 L.)";"0";"0";"0";"0"
"55052310S";"LAB LINE 3-KOMP.FB (5 L.)";"0";"0";"0";"0"
"55054200S";"LAB LINE 2-KOMP.FA m.TEST (5 L.)";"0";"0";"0";"0"
"55054210S";"LAB LINE 2-KOMP.FB m.TEST (5 L.)";"0";"0";"0";"0"
"55054300S";"LAB LINE 3-KOMP.FA m.TEST (5 L.)";"0";"0";"0";"0"
"55054310S";"LAB LINE 3-KOMP.FB m.TEST (5 L.)";"0";"0";"0";"0"
"551010211178S";"LAB LINE 0,18% CO, 0,3% CH4, 21,9% O2 i N2 10 L. 150 bar";"60";"1";"1";"0"
"55101088S";"LAB LINE 0,3% Metan + 0,18% CO + 88,12% O2 i Nitrogen 10 L.";"60";"1";"1";"0"
"5510116810211410220S";"LAB LINE 0,3%CO+10%HE+20,9%O2 I Nitrogen 10 L. 150 Bar";"60";"1";"1";"0"
"55101195S";"LAB LINE 5% CO2 i N2 10 L. 150 bar";"60";"1";"1";"0"
"551011991001S";"LAB LINE 0,2% Oxygen i Nitrogen 10 L. 150 Bar";"60";"1";"1";"0"
"55101200";"Std. blanding  2-KOMP.SA (10 L.)";"0";"0";"0";"0"
"55101210";"Std. blanding  2-KOMP.SB (10 L.)";"0";"0";"0";"0"
"55101300";"Std. blanding  3-KOMP.SA (10 L.)";"0";"0";"0";"0"
"55101310";"Std. blanding  3-KOMP.SB (10 L.)";"0";"0";"0";"0"
"55102200S";"LAB LINE 2-KOMP.FA (10 L.)";"0";"0";"0";"0"
"55102210S";"LAB LINE 2-KOMP.FB (10 L.)";"0";"0";"0";"0"
"55102300S";"LAB LINE 3-KOMP.FA (10 L.)";"0";"0";"0";"0"
"55102310S";"LAB LINE 3-KOMP.FB (10 L.)";"0";"0";"0";"0"
"551024901S";"LAB LINE 0,25% CO + 9,2% He i Synt. Luft. 10 L. 150 bar";"60";"1";"1";"0"
"55102490S";" LAB LINE 10% He i Synt. Luft 10 L. 150 bar";"60";"1";"1";"0"
"551024991S";"LAB LINE 0,3% Metan + 0,3% CO i Synt. Luft 10 L. 150Bar";"60";"1";"1";"0"
"551024992S";"LAB LINE 0,3% Metan + 0,18 % CO i Synt. Luft. 10 L. 150 bar";"60";"1";"1";"0"
"55102499S";"LAB LINE 0,3%Acetylen+0,3%Metan+0,3%CO i Synt. Luft 10 L.";"60";"1";"1";"0"
"55104200S";"LAB LINE 2-KOMP.FA m.TEST (10 L.)";"0";"0";"0";"0"
"55104210S";"LAB LINE 2-KOMP.FB m.TEST (10 L.)";"0";"0";"0";"0"
"55104310S";"LAB LINE 3-KOMP.FA m.TEST (10 L.)";"0";"0";"0";"0"
"55104410S";"LAB LINE 4-KOMP.FB m.TEST (10 L.)";"0";"0";"0";"0"
"55104510S";"LAB LINE 5-KOMP.FB m.TEST (10 L.)";"0";"0";"0";"0"
"55201200";"Std. blanding  2-KOMP.SA (20 L.)";"0";"0";"0";"0"
"55201210";"Std. blanding  2-KOMP.SB (20 L.)";"0";"0";"0";"0"
"55201300";"Std. blanding  3-KOMP.SA (20 L.)";"0";"0";"0";"0"
"55202200S";"LAB LINE 2-KOMP.FA (20 L.)";"0";"0";"0";"0"
"55202210S";"LAB LINE 2-KOMP.FB (20 L.)";"0";"0";"0";"0"
"55202310S";"LAB LINE 3-KOMP.FB (20 L.)";"0";"0";"0";"0"
"55202410S";"LAB LINE 4-KOMP.FB (20 L.)";"0";"0";"0";"0"
"55204210S";"LAB LINE 2-KOMP.FB m.TEST (20 L.)";"0";"0";"0";"0"
"55204310S";"LAB LINE  3-KOMP.FB m.TEST (20 L.)";"0";"0";"0";"0"
"5540100211861612S";"LAB LINE 2,0% O2, 11,6% CO2, 86,4% N2";"60";"1";"1";"0"
"5540100411891607S";"LAB LINE 4,1% O2, 6,8% CO2, 89,1% N2";"60";"1";"1";"0"
"5540100411901606S";"LAB LINE 5,0% O2, 6,0% CO2, 89,0% N2";"60";"1";"1";"0"
"5540100511921603S";"LAB LINE 5,3% O2, 2,4% CO2, 92.3% N2";"60";"1";"1";"0"
"5540100511931602S";"LAB LINE 5,7% O2, 1,7% CO2,  92,6% N2";"60";"1";"1";"0"
"5540100611741620S";"LAB LINE 5,6% O2, 19,8% CO2, 74,6% N2";"60";"1";"1";"0"
"5540100611881606S";"LAB LINE 5,73% O2, 6,50% CO2, 87,77% N2";"60";"1";"1";"0"
"5540100611921602S";"LAB LINE 1,7% CO2, 6,6% O2, 91,7% N2";"60";"1";"1";"0"
"5540101111861603S";"LAB LINE 11,6% O2, 3,04% CO2, 85,36% N2";"60";"1";"1";"0"
"5540101211831605S";"LAB LINE 12,3% O2, 4,6% CO2, 83,1% N2";"60";"1";"1";"0"
"5540101211841604S";"LAB LINE 12,3% O2, 3,5% CO2, 84,2% N2";"60";"1";"1";"0"
"5540101211851603S";"LAB LINE 11,9% O2, 3,5% CO2, 84,6% N2";"60";"1";"1";"0"
"5540101411831603S";"LAB LINE 14,0% O2, 3,5% CO2, 82,5% N2";"60";"1";"1";"0"
"5540101811791603S";"LAB LINE 18,4% O2, 3,1% CO2, 78.5% N2";"60";"1";"1";"0"
"5540101911751606S";"LAB LINE 6,5% CO2, 18,7% O2, 74,8% N2";"60";"1";"1";"0"
"5540101911791602S";"LAB LINE 2,4% CO2, 18,7% O2, 78,9% N2";"60";"1";"1";"0"
"5540102011781602S";"LAB LINE 20,8% O2, 2,0% CO2, 77,2% N2";"60";"1";"1";"0"
"5540102111771602S";"LAB LINE 21,4% O2, 2,0% CO2, 76,6% N2";"60";"1";"1";"0"
"5540102111781201S";"LAB LINE 21% O2, 1% AR, 78% N2";"60";"1";"1";"0"
"5540102211761602S";"LAB LINE 22,4% O2, 1,3% CO2, 76,3% N2";"60";"1";"1";"0"
"5540102211771601S";"LAB LINE 21,4% O2, 1,3% CO2, 77,3% N2";"60";"1";"1";"0"
"5540102216751103S";"LAB LINE 74,75% Co2, 22,5% O2, 2,75% N2";"60";"1";"1";"0"
"5540102311791607S";"LAB LINE 22% O2, 6,5% CO2, 71,5% N2";"60";"1";"1";"0"
"5540102511231652S";"LAB LINE 25,2% O2, 51,8% CO2 i N2";"60";"1";"1";"0"
"554010251675S";"LAB LINE 25,25% O2, 74,75% CO2";"60";"1";"1";"0"
"5540103811531609S";"LAB LINE 37,7% O2, 8,8% CO2, 53,5% N2";"60";"1";"1";"0"
"5540103811551607S";"LAB LINE 36,3% O2, 7,5%CO2, 56,2% N2";"60";"1";"1";"0"
"5540103911521609S";"LAB LINE 38,7% O2, 8,8% CO2, 52,5% N2";"60";"1";"1";"0"
"5540103911531608S";"LAB LINE 38,7% O2, 7,9% CO2, 53,4% N2";"60";"1";"1";"0"
"5540103911541607S";"LAB LINE 37,3% O2, 7,5%CO2, 55,2% N2";"60";"1";"1";"0"
"5540104011521608S";"LAB LINE 39,7% O2, 7,9% CO2, 52,4% N2";"60";"1";"1";"0"
"5540104211531604S";"LAB LINE 42,1%O2, 5,61%CO2, 52,29%N2";"60";"1";"1";"0"
"5540104211541604S";"LAB LINE 42,1% O2; 4,2% CO2; 53,7% N2";"0";"0";"0";"0"
"5540104711441609S";"LAB LINE 47% O2, 9% CO2, 44% N2";"60";"1";"1";"0"
"5540104811431609S";"LAB LINE 48,0% O2, 9,0% CO2, 43,0% N2";"60";"1";"1";"0"
"5540107011211609S";"LAB LINE 69.7% O2, 8,7% CO2, 21,6% N2";"60";"1";"1";"0"
"554011241676S";"LAB LINE 75,7% CO2 i N2 40 L.";"60";"1";"1";"0"
"554011891602S";"LAB LINE 11,2% CO2, 88,8% N2 40 L.";"60";"1";"1";"0"
"554011931607S";"LAB LINE 7,2% CO2, 92,8% N2 40 L.";"60";"1";"1";"0"
"554011991601S";"LAB LINE 0,6% CO2, 99,4% N2 40 L.";"60";"1";"1";"0"
"55401200";"Std. blanding  2-KOMP.SA (40 L.)";"0";"0";"0";"0"
"55401210";"Std. blanding  2-KOMP.SB (40 L.)";"0";"0";"0";"0"
"55401300";"Std. blanding  3-KOMP.SA (40 L.)";"0";"0";"0";"0"
"55401310";"Std. blanding  3-KOMP.SB (40 L.)";"0";"0";"0";"0"
"55401654S";"LAB LINE 54,3% CO2,  45,7% N2 40 L. 100 Bar";"60";"1";"1";"0"
"55402200S";"LAB LINE 2-KOMP.FA (40 L.)";"0";"0";"0";"0"
"55402210S";"LAB LINE 2-KOMP.FB (40 L.)";"0";"0";"0";"0"
"55402300S";"LAB LINE 3-KOMP.FA (40 L.)";"0";"0";"0";"0"
"55402310S";"LAB LINE 3-KOMP.FB (40 L.)";"0";"0";"0";"0"
"55402400S";"LAB LINE 4-KOMP.FA (40 L.)";"0";"0";"0";"0"
"55402410S";"LAB LINE 4-KOMP.FB (40 L.)";"0";"0";"0";"0"
"55404200S";"LAB LINE 2-KOMP.FA m.analyse (40 L.)";"0";"0";"0";"0"
"55404210S";"LAB LINE 2-KOMP.FA m.analyse (40 L.)";"0";"0";"0";"0"
"55404300S";"LAB LINE 3-KOMP.FA m.analyse (40 L.)";"0";"0";"0";"0"
"55404310S";"LAB LINE 3-KOMP.FB m.analyse (40 L.)";"0";"0";"0";"0"
"5550114918502001S";"LAB LINE 0,6% CH4, 50% He i N2 50 L. 150 bar 7,55 m3";"60";"1";"1";"0"
"555011501850S";"LAB LINE 50% He i N2 50 L. 150 bar 7,55 m3";"60";"1";"1";"0"
"55501160S";"LAB LINE 40% Co2 i N2";"60";"1";"1";"0"
"55501180S";"LAB LINE 20% CO2 5.5 i N2 5.0 50 L. 150 bar";"60";"1";"1";"0"
"55501191S";"LAB LINE 9,5% CO i Nitrogen 5.0 50 L 150 Bar";"60";"1";"1";"0"
"5550119916003S";"LAB LINE 300 ppm CO2 i N2 50 L 150 bar 7,41 m3";"0";"0";"0";"0"
"555011991801S";"LAB LINE 1% He i Nitrogen 50 L. 150 Bar";"60";"1";"1";"0"
"555011991S";"LAB LINE 1% Oxygen i Nitrogen 50 L. 150 bar.";"60";"1";"1";"0"
"55501199S";"LAB LINE 0,3% CO2 i N2 (+/- 0,01% ABS.)";"60";"1";"1";"0"
"55501200";"Std. blanding  2-KOMP.SA (50 L.)";"0";"0";"0";"0"
"55501210";"Std. blanding  2-KOMP.SB (50 L.)";"0";"0";"0";"0"
"555012961603S";"LAB LINE 1% C4H10, 2,5% CO2 i Argon 50 L";"60";"1";"1";"0"
"55501300";"Std. blanding  3-KOMP.SA (50 L.)";"0";"0";"0";"0"
"55501310";"Std. blanding  3-KOMP.SB (50 L.)";"0";"0";"0";"0"
"55501410";"Std. blanding  4-KOMP.SB (50 L.)";"0";"0";"0";"0"
"55501463162011162201";"Lab Line 62,6%H2+20,6%Co2+16,3%N2+0,5%CO 50 L 150 Bar 7,56 M";"0";"0";"0";"0"
"55501601110211178S";"Laboratoriegas 1% CO2,20,9% O2 i N2";"60";"1";"1";"0"
"55501860S";"LAB LINE 40% H2 i He 50 L. 150 bar";"60";"1";"1";"0"
"55501875S";"Lasergas 1,7% Co2+23,4% N2 i He";"60";"1";"1";"0"
"55501895S";"LAB LINE 5% O2 i He 50 L. 150 bar";"60";"1";"1";"0"
"55502200S";"LAB LINE 2-KOMP.FA (50 L.)";"0";"0";"0";"0"
"55502210S";"LAB LINE 2-KOMP.FB (50 L.)";"0";"0";"0";"0"
"55502300S";"LAB LINE 3-KOMP.FA (50 L.)";"0";"0";"0";"0"
"55502310S";"LAB LINE 3-KOMP.FB (50 L.)";"0";"0";"0";"0"
"55502410S";"LAB LINE 4-KOMP.FB (50 L.)";"0";"0";"0";"0"
"555024901S";"LAB Line 0,25%CO+9,2%He i Synt. Luft 50 L. 150 Bar";"60";"1";"0";"0"
"55502490S";"LAB LINE 10% He i Synt. Luft 50 L 150 Bar";"60";"1";"1";"0"
"555024991S";"LAB Line 0,3%Metan+0,3%CO i  Synt. Luft 50 L. 150 Bar";"60";"1";"0";"0"
"55502499S";"LAB LINE 0,3%Acetylen+0,3%Metan+0,3%CO i Synt. Luft 50 L.";"60";"1";"1";"0"
"55502510S";"LAB LINE 5-KOMP.FA (50 L.)";"0";"0";"0";"0"
"55502710S";"LAB LINE 7-KOMP.FB (50 L.)";"0";"0";"0";"0"
"55504200S";"LAB LINE 2-KOMP.FA m.TEST (50 L.)";"0";"0";"0";"0"
"55504300S";"LAB LINE 3-KOMP.FA m.TEST (50 L.)";"0";"0";"0";"0"
"55504310S";"LAB LINE 3-KOMP.FB m.TEST (50 L.)";"0";"0";"0";"0"
"55504410S";"LAB LINE 4-KOMP.FB m.TEST (50 L.)";"0";"0";"0";"0"
"55851200";"Std. blanding  2-KOMP.SA  H1250";"0";"0";"0";"0"
"560116S";"Carbondioxid 4.5 1 L";"60";"1";"0";"0"
"56015348";"Xenon 4.8 1 L 12 Bar";"60";"1";"0";"0"
"56015828S";"Chlor 2.8  LB  0,45 KG";"0";"0";"0";"0"
"56015925S";"Svovlbrinte-H2S  LB  0,25 KG";"0";"0";"0";"0"
"5602S";"Specialgasser (2 L.)";"60";"1";"0";"0"
"56035828S";"Chlor 2.8  3 L.  3,3 KG";"0";"0";"0";"0"
"560558";"Chlor 5 L. 6,25 KG";"0";"0";"0";"0"
"5605S";"Spec.gasser - M3 ( 5 L.)";"60";"1";"0";"0"
"56105125S";"Ethylen-C2H4 2.5 10 L.";"60";"1";"0";"0"
"56105630S";"Svovlhexaflourid-SF6 3.0 (10 L.)";"60";"1";"0";"0"
"56105640S";"Svovlhexaflourid-SF6 4.0 (10 L.)";"60";"1";"0";"0"
"561058";"Chlor 10 L. 12,5 KG";"0";"0";"0";"0"
"56105828S";"Chlor 2.8 10 L. 12,5 KG";"0";"0";"0";"0"
"56105925S";"Svovlbrinte-H2S 2.5  10 L.  6,5 KG";"0";"0";"0";"0"
"56106025S";"Svovldioxid-SO2 2.5  10 L. 12,0 KG";"0";"0";"0";"0"
"5610S";"Spec.gasser - M3 (10 L.)";"60";"1";"0";"0"
"56205640S";"Svovlhexaflourid-SF6 4.0  (20 L.)";"0";"0";"0";"0"
"562057";"Ammoniak  20 L. 10,0 KG";"60";"1";"0";"0"
"5620S";"Spec.gasser - m3 (20 L.)";"60";"1";"0";"0"
"564057";"Ammoniak  40 L. 20,0 KG";"60";"1";"0";"0"
"5640S";"Spec.gasser - m3 (40 L.)";"60";"1";"0";"0"
"564758";"Chlor UHP 50,5 kg";"60";"1";"0";"0"
"565011001S";"Spec.blandgas 44 ppm H2S I N2 (50 L.)";"60";"1";"0";"0"
"565011002S";"Spec.blandgas 200 ppm H2S I N2 (50 L.)";"60";"1";"0";"0"
"5650149010S";"Lab Line 10% H2S i H2";"60";"1";"0";"0"
"565051051195";"5% Ethylen i Nitrogen 50 L. 200 Bar";"60";"1";"0";"0"
"56505125s";"Ethylen-C2H4 2.5 50 L. 18,5 kg";"60";"1";"0";"0"
"56505630S";"Svovlhexaflourid-SF6 3.0  (50 L.)";"60";"1";"0";"0"
"56505640S";"Svovlhexaflourid-SF6 4.0  (50 L.)";"0";"0";"0";"0"
"56505810S";"Krypton 10 L.";"60";"1";"0";"0"
"56505850S";"Krypton 50 L.";"60";"1";"0";"0"
"565059";"Carbonmonoxid CO 50 L.";"60";"1";"0";"0"
"565060S";"Svovldioxid-SO2 tech. 50 L.  60,0 KG";"60";"1";"0";"0"
"565061";"SIF4 – Siliziumtetraflourid 45 l   22,7 kg";"60";"1";"0";"0"
"56506120S";"Nitrogenoxid-NO 2.0   50 L.  2,0 m3";"0";"0";"0";"0"
"5650S";"Spec.gasser - m3 (50 L.)";"60";"1";"0";"0"
"57020201";"LAB LINE 2 komponent 2-5 L. Inaktiv";"60";"1";"1";"0"
"57020203";"LAB LINE 2 Komponent 2-5 L. Brandbar";"60";"1";"1";"0"
"57020204";"LAB LINE 2 Komponent 2-5 L. Oxiderende";"60";"1";"1";"0"
"57020301";"LAB LINE 3 komponent 2-5 L. Inaktiv";"60";"1";"1";"0"
"57020303";"LAB LINE 3 Komponent 2-5 L. Brandbar";"60";"1";"1";"0"
"57020304";"LAB LINE 3 Komponent 2-5 L. Oxiderende";"60";"1";"1";"0"
"57020401";"LAB LINE 4 komponent 2-5 L. Inaktiv";"60";"1";"1";"0"
"57020403";"LAB LINE 4 Komponent 2-5 L. Brandbar";"60";"1";"1";"0"
"57020404";"LAB LINE 4 Komponent 2-5 L. Oxiderende";"60";"1";"1";"0"
"57100201";"LAB LINE 2 komponent 10-20 L. Inaktiv";"60";"1";"1";"0"
"57100203";"LAB LINE 2 Komponent 10-20 L. Brandbar";"60";"1";"1";"0"
"57100204";"LAB LINE 2 Komponent 10-20 L. Oxiderende";"60";"1";"1";"0"
"57100301";"LAB LINE 3 komponent 10-20 L. Inaktiv";"60";"1";"1";"0"
"57100303";"LAB LINE 3 Komponent 10-20 L. Brandbar";"60";"1";"1";"0"
"57100304";"LAB LINE 3 Komponent 10-20 L. Oxiderende";"60";"1";"1";"0"
"57100401";"LAB LINE 4 komponent 10-20 L. Inaktiv";"60";"1";"1";"0"
"57100403";"LAB LINE 4 Komponent 10-20 L. Brandbar";"60";"1";"1";"0"
"57100404";"LAB LINE 4 Komponent 10-20 L. Oxiderende";"60";"1";"1";"0"
"57400201";"LAB LINE 2 komponent 40-50 L. Inaktiv";"60";"1";"1";"0"
"57400203";"LAB LINE 2 Komponent 40-50 L. Brandbar";"60";"1";"1";"0"
"57400204";"LAB LINE 2 Komponent 40-50 L. Oxiderende";"60";"1";"1";"0"
"57400301";"LAB LINE 3 komponent 40-50 L. Inaktiv";"60";"1";"1";"0"
"57400303";"LAB LINE 3 Komponent 40-50 L. Brandbar";"60";"1";"1";"0"
"57400304";"LAB LINE 3 Komponent 40-50 L. Oxiderende";"60";"1";"1";"0"
"57400401";"LAB LINE 4 komponent 40-50 L. Inaktiv";"60";"1";"1";"0"
"57400403";"LAB LINE 4 Komponent 40-50 L. Brandbar";"60";"1";"1";"0"
"57400404";"LAB LINE 4 Komponent 40-50 L. Oxiderende";"60";"1";"1";"0"
"5781";"Dugpunktsanalyse";"0";"0";"0";"0"
"5782";"Oxygenanalyse";"0";"0";"0";"0"
"5787";"Tillæg for hurtig levering";"0";"0";"0";"0"
"57871";"Tillæg for ekstra hurtig levering";"0";"0";"0";"0"
"57873";"Akut levering aften/nat/weekend";"0";"0";"0";"0"
"5789";"Homogenisering";"0";"0";"0";"0"
"5801S";"Gasser i Dåse 1 L. 12 Bar";"0";"0";"0";"0"
"58020101";"LAB LINE 1 Komponent 2-5 L. Inaktiv";"60";"1";"0";"0"
"58020102";"LAB LINE 1 Komponent 2-5 L. Giftig";"60";"1";"0";"0"
"58020103";"LAB LINE 1 Komponent 2-5 L. Brandbar";"60";"1";"0";"0"
"58020104";"LAB LINE 1 Komponent 2-5 L.Oxiderende";"60";"1";"0";"0"
"58020201";"LAB LINE 2 komponent 2-5 L. Inaktiv";"60";"1";"0";"0"
"58020202";"LAB LINE 2 Komponent 2-5 L. Giftig";"60";"1";"0";"0"
"58020203";"LAB LINE 2 Komponent 2-5 L. Brandbar";"60";"1";"0";"0"
"58020204";"LAB LINE 2 Komponent 2-5 L. Oxiderende";"60";"1";"0";"0"
"58020301";"LAB LINE 3 Komponent 2-5 L. Inaktiv";"60";"1";"0";"0"
"58020302";"LAB LINE 3 Komponent 2-5 L. Giftig";"60";"1";"0";"0"
"58020303";"LAB LINE 3 Komponent 2-5 L. Brandbar";"60";"1";"0";"0"
"58020304";"LAB LINE 3 Komponent 2-5 L. Oxiderende";"60";"1";"0";"0"
"58020401";"LAB LINE 4 Komponent 2-5 L. Inaktiv";"60";"1";"0";"0"
"58020402";"LAB LINE 4 Komponent 2-5 L. Giftig";"60";"1";"0";"0"
"58020403";"LAB LINE 4 Komponent 2-5 L. Brandbar";"60";"1";"0";"0"
"58020404";"LAB LINE 4 Komponent 2-5 L. Oxiderende";"60";"1";"0";"0"
"58100101";"LAB LINE 1 Komponent 10-20 L. Inaktiv";"60";"1";"0";"0"
"58100102";"LAB LINE 1 Komponent 10-20 L. Giftig";"60";"1";"0";"0"
"58100103";"LAB LINE 1 Komponent 10-20 L. Brandbar";"60";"1";"0";"0"
"58100104";"LAB LINE 1 Komponent 10-20 L.Oxiderende";"60";"1";"0";"0"
"58100201";"LAB LINE 2 komponent 10-20 L. Inaktiv";"60";"1";"0";"0"
"58100202";"LAB LINE 2 Komponent 10-20 L. Giftig";"60";"1";"0";"0"
"58100203";"LAB LINE 2 Komponent 10-20 L. Brandbar";"60";"1";"0";"0"
"58100204";"LAB LINE 2 Komponent 10-20 L. Oxiderende";"60";"1";"0";"0"
"58100301";"LAB LINE 3 Komponent 10-20 L. Inaktiv";"60";"1";"0";"0"
"58100302";"LAB LINE 3 Komponent 10-20 L. Giftig";"60";"1";"0";"0"
"58100303";"LAB LINE 3 Komponent 10-20 L. Brandbar";"60";"1";"0";"0"
"58100304";"LAB LINE 3 Komponent 10-20 L. Oxiderende";"60";"1";"0";"0"
"58100401";"LAB LINE 4 Komponent 10-20 L. Inaktiv";"60";"1";"0";"0"
"58100402";"LAB LINE 4 Komponent 10-20 L. Giftig";"60";"1";"0";"0"
"58100403";"LAB LINE 4 Komponent 10-20 L. Brandbar";"60";"1";"0";"0"
"58100404";"LAB LINE 4 Komponent 10-20 L. Oxiderende";"60";"1";"0";"0"
"58400101";"LAB LINE 1 Komponent 40-50 L. Inaktiv";"60";"1";"0";"0"
"58400102";"LAB LINE 1 Komponent 40-50 L. Giftig";"60";"1";"0";"0"
"58400103";"LAB LINE 1 Komponent 40-50 L. Brandbar";"60";"1";"0";"0"
"58400104";"LAB LINE 1 Komponent 40-50 L.Oxiderende";"60";"1";"0";"0"
"58400201";"LAB LINE 2 komponent 40-50 L. Inaktiv";"60";"1";"0";"0"
"58400202";"LAB LINE 2 Komponent 40-50 L. Giftig";"60";"1";"0";"0"
"58400203";"LAB LINE 2 Komponent 40-50 L. Brandbar";"60";"1";"0";"0"
"58400204";"LAB LINE 2 Komponent 40-50 L. Oxiderende";"60";"1";"0";"0"
"58400301";"LAB LINE 3 Komponent 40-50 L. Inaktiv";"60";"1";"0";"0"
"58400302";"LAB LINE 3 Komponent 40-50 L. Giftig";"60";"1";"0";"0"
"58400303";"LAB LINE 3 Komponent 40-50 L. Brandbar";"60";"1";"0";"0"
"58400304";"LAB LINE 3 Komponent 40-50 L. Oxiderende";"60";"1";"0";"0"
"58400401";"LAB LINE 4 Komponent 40-50 L. Inaktiv";"60";"1";"0";"0"
"58400402";"LAB LINE 4 Komponent 40-50 L. Giftig";"60";"1";"0";"0"
"58400403";"LAB LINE 4 Komponent 40-50 L. Brandbar";"60";"1";"0";"0"
"58400404";"LAB LINE 4 Komponent 40-50 L. Oxiderende";"60";"1";"0";"0"