"100235P";"Oxygen 3.5 PRO LINE 2 L. 200 bar. 0,4 m3";"0";"0";"0";"0";""
"1002M3Q2";"OXYGEN MED LINE Kvik-Top/Alu 2L 200 bar";"24";"1";"0";"0";"SE"
"1003M3Q";"Oxygen MED LINE Kvik-Top/Komp 3 L 200 bar";"24";"1";"0";"0";"SE"
"1003M3Q2";"OXYGEN MED LINE Kvik-Top/Alu 3L 200 bar";"24";"1";"0";"0";"SE"
"1003M3Q2H";"Oxygen Med Line High Flow Kvik-Top/Alu. 3 L. 200 bar. 0,65 m";"24";"0";"0";"0";"SE"
"1005";"Oxygen 5 L. 200 bar 1,1 m3";"0";"0";"0";"0";""
"100535P";"Oxygen 3.5 5 L. 200 bar";"0";"0";"0";"0";""
"1005M3Q2";"Oxygen MED LINE KVIK-TOP/Alu 5 L. 200 bar";"36";"1";"0";"0";"SE"
"1010";"Oxygen 10 L. 200 bar";"60";"1";"0";"0";"DK-SV"
"101052S";"Oxygen 5.2 LAB LINE 10 L. 200 bar. 2 m3";"60";"1";"0";"0";"DK-SV"
"1010F";"Oxygen PHARMA LINE 10 L. 200 bar";"36";"1";"0";"0";"SE"
"1020";"Oxygen 20 L. 200 bar 4,4 m3";"60";"1";"0";"0";"DK-SV"
"102035P";"Oxygen 3.5 PRO LINE 20 L. 200 bar 4,4 m3";"60";"1";"0";"0";"DK-SV"
"102050S";"LAB LINE Oxygen 5.0 20 L. 200 bar 4,3 m3";"60";"1";"0";"0";"DK-SV"
"102052S";"Oxygen 5.2 LAB LINE 20 L. 200 bar 4,4 m3";"60";"1";"0";"0";"DK-SV"
"1020F";"Oxygen PHARMA LINE 20 L. 200 bar";"36";"1";"0";"0";"DK"
"1020Q";"Oxygen KVIK-TOP 20 L. 300 bar 6,2 m3";"60";"1";"0";"0";"DK-SV"
"1050";"Oxygen 50 L. 200 bar 10,9 m3";"60";"1";"0";"0";"DK-SV"
"105035P";"Oxygen 3.5 PRO LINE 50 L. 10,9 m3";"60";"1";"0";"0";"DK-SV"
"105050S";"LAB LINE Oxygen 5.0 50 L. 200 bar 10,7 m3";"60";"1";"0";"0";"DK-SV"
"105052S";"Oxygen 5.2 LAB LINE 50 L. 10,9 m3";"60";"1";"0";"0";"DK-SV"
"1050F";"Oxygen PHARMA LINE 50 L. 200 bar 10,9 m3";"36";"1";"0";"0";"SE"
"1050FA";"Oxygen PHARMALINE Aviators Breathing Oxygen";"36";"1";"0";"0";"DK"
"1050L";"Oxygen FOOD LINE 50 L 10,9 m3";"60";"1";"0";"0";"DK-SV"
"1050Q";"Oxygen KVIK-TOP 50 L. 300 bar 15,5 m3";"60";"1";"0";"0";"DK-SV"
"1085";"Oxygen H1250 200 bar 130,8 m3";"60";"1";"0";"0";"DK-SV"
"108535P";"Oxygen 3.5 PRO LINE H1250 200 b 130,8 m3";"60";"1";"0";"0";"DK-SV"
"108552S";"Oxygen 5.2 LAB LINE H1250 200 bar 130,8 m3";"60";"1";"0";"0";"DK-SV"
"1088";"Oxygen XL-bat. 300 bar 202,9 m3";"60";"1";"0";"0";"DK-SV"
"108835P";"Oxygen 3.5 PRO LINE XL-bat. 300 bar";"60";"1";"0";"0";"DK-SV"
"1099";"Oxygen TECH LINE Liquid L.";"0";"1";"0";"0";""
"1102";"Nitrogen 2 L. 200 bar";"0";"1";"0";"0";""
"1105";"Nitrogen 5 L. 200 bar 0,97m3";"0";"1";"0";"0";""
"110545";"Nitrogen 4.5  5 L. 200 bar";"0";"1";"0";"0";""
"110550S";"Nitrogen 5.0 LAB LINE 5 L. 200 bar";"0";"1";"0";"0";""
"111050S";"Nitrogen 5.0 LAB LINE 10 L. 200 bar 1,9 m3";"60";"1";"0";"0";"DK-SV"
"111060S";"Nitrogen 6.0 LAB LINE 10 L. 200 bar";"60";"1";"0";"0";"DK-SV"
"1120";"Nitrogen 20 L. 200 bar 3,9 m3";"60";"1";"0";"0";"DK-SV"
"112045";"Nitrogen 4.5 20 L. 200 bar 3,9 m3";"60";"1";"0";"0";"DK-SV"
"112050S";"Nitrogen 5.0 LAB LINE 20 L. 200 b 3,9 m3";"60";"1";"0";"0";"DK-SV"
"112056S";"Nitrogen 5.6 LAB LINE 20 L. 200 b 3,9 m3";"60";"1";"0";"0";"DK-SV"
"112060S";"Nitrogen 6.0 LAB LINE 20 L. 200 b 3,9 m3";"60";"1";"0";"0";"DK-SV"
"1150";"Nitrogen 50 L. 200 bar 9,7 m3";"60";"1";"0";"0";"DK-SV"
"115045";"Nitrogen 4.5 50 L. 200 bar 9,7 m3";"60";"1";"0";"0";"DK-SV"
"115050S";"Nitrogen 5.0 LAB LINE 50 L. 200 b 9,7 m3";"60";"1";"0";"0";"DK-SV"
"115056S";"Nitrogen 5.6 LAB LINE 50 L. 200 b 9,7 m3";"60";"1";"0";"0";"DK-SV"
"115060SB";"Nitrogen 6.0 LAB LINE BIP 50 L. 200 bar";"60";"1";"0";"0";"DK-SV"
"1150F";"Nitrogen PHARMA LINE 50 L. 200 bar, 9,7 m3";"36";"1";"0";"0";"DK"
"1150HT";"Nitrogen 50 L. 300 bar 13,4  m3";"60";"1";"0";"0";"DK-SV"
"1150L";"Nitrogen FOOD LINE 50 L. 200 bar 9,7 m3";"60";"1";"0";"0";"DK-SV"
"1163";"Nitrogen TECH LINE 150-200 L. Liquid";"0";"0";"0";"0";"DK-SV"
"1166";"Nitrogen TECH LINE 25 L. 17,5m3 Liquid";"0";"0";"0";"0";"DK-SV"
"1168";"Nitrogen TECH LINE Flydende 20 L. 14,1 m3";"0";"0";"0";"0";"DK-SV"
"1184";"Nitrogen H3640 200 bar 280,8 m3";"60";"1";"0";"0";"DK-SV"
"1185";"Nitrogen H1250 200 bar 116,4 m3";"60";"1";"0";"0";"DK-SV"
"118545";"Nitrogen 4.5 H1250 200 bar 116,4 m3";"60";"1";"0";"0";"DK-SV"
"118550S";"Nitrogen 5.0 LAB LINE H1250 200 bar";"60";"1";"0";"0";"DK-SV"
"118556S";"Nitrogen 5.6 LAB LINE H1250 200 bar";"60";"1";"0";"0";"DK-SV"
"1185F";"Nitrogen PHARMA LINE H1250, 200 bar 116,4 m3";"0";"0";"0";"0";"DK-SV"
"1185L";"Nitrogen FOOD LINE H1250 200 bar 116,4 m3";"60";"1";"0";"0";"DK-SV"
"1188";"Nitrogen XL-bat. 300 bar 172,0 m3";"60";"1";"0";"0";"DK-SV"
"118845";"Nitrogen 4.5 XL-bat. 300 bar 172,0 m3";"60";"1";"0";"0";"DK-SV"
"118850S";"Nitrogen 5.0 LAB LINE XL-bat. 300 bar";"60";"1";"0";"0";"DK-SV"
"1188L";"Nitrogen FOOD LINE XL-bat. 300 bar";"60";"1";"0";"0";"DK-SV"
"1199";"Nitrogen TECH LINE Liquid L.";"0";"1";"0";"0";""
"1205";"Argon 5 L. 200 bar 1,09m3";"0";"0";"0";"0";""
"120545";"Argon 4.5 5 L. 200 bar";"0";"0";"0";"0";""
"1210";"Argon 10 L. 200 bar 2,2m3";"60";"1";"0";"0";"DK-SV"
"121060SB";"Argon 6.0 LAB LINE BIP 10 L. 200 bar 2,2m3";"60";"1";"0";"0";"DK-SV"
"1220";"Argon 20 L. 200 bar 4,4 m3";"60";"1";"0";"0";"DK-SV"
"1220451";"Argon ICP 4.5 20 L  200 bar 4,4 m3";"60";"1";"0";"0";"DK-SV"
"122050S";"Argon 5.0 LAB LINE 20 L. 200 bar 4,4 m3";"60";"1";"0";"0";"DK-SV"
"122055S";"Argon 5.5 LAB LINE 20 L. 200 bar 4,4 m3";"60";"1";"0";"0";"DK-SV"
"1220Q";"Argon KVIK-TOP 20 L. 300 bar 6,2 m3";"60";"1";"0";"0";"DK-SV"
"1250";"Argon 50 L. 200 bar 10,9 m3";"60";"1";"0";"0";"DK-SV"
"1250451";"Argon ICP 4.5 50 L  200 bar 10,9 m3";"60";"1";"0";"0";"DK-SV"
"125050S";"Argon 5.0 LAB LINE 50 L. 200 bar 10,9 m3";"60";"1";"0";"0";"DK-SV"
"125050SHT";"Argon 5.0 LAB LINE 50 L. 300 bar 16,4 m3";"60";"1";"0";"0";"DK-SV"
"125055S";"Argon 5.5 LAB LINE 50 L. 200 bar 10,9 m3";"60";"1";"0";"0";"DK-SV"
"125060S";"Argon 6.0 LAB LINE 50 L. 200 bar 10,9 m3";"60";"1";"0";"0";"DK-SV"
"125060SB";"Argon 6.0 LAB LINE BIP 50 L. 200 bar 10,9 m3";"60";"1";"0";"0";"DK-SV"
"1250Q";"Argon KVIK-TOP 50 L. 300 bar 15,6 m3";"60";"1";"0";"0";"DK-SV"
"1285";"Argon H1250 200 bar 130,8 m3";"60";"1";"0";"0";"DK-SV"
"1285451";"Argon ICP 4.5 H1250 200 bar 130,8 m3";"60";"1";"0";"0";"DK-SV"
"128550S";"Argon 5.0 LAB LINE H1250 200 bar 130,8 m3";"60";"1";"0";"0";"DK-SV"
"128560S";"Argon 6.0 LAB LINE H1250 200 bar 130,8 m3";"60";"1";"0";"0";"DK-SV"
"1288";"Argon XL-bat. 300 bar 199,0 m3";"60";"1";"0";"0";"DK-SV"
"1288451";"Argon ICP 4.5 XL-bat. 300 bar 199,0 m3";"60";"1";"0";"0";"DK-SV"
"128850S";"Argon 5.0 LAB LINE XL-bat. 300 bar";"60";"1";"0";"0";"DK-SV"
"1299";"Argon TECH LINE Liquid L.";"0";"1";"0";"0";""
"1304";"Atm. Luft 4 L. 200 bar. 0,8 m3";"0";"0";"0";"0";""
"1305";"Teknisk Luft (Atm. Luft) 5 L. 200 bar";"0";"0";"0";"0";""
"1320";"Teknisk Luft (Atm. Luft) 20 L. 200 bar 4,0 m3";"60";"1";"0";"0";"DK-SV"
"1350";"Teknisk Luft (Atm. Luft) 50 L. 200 bar 10,0 m3";"60";"1";"0";"0";"DK-SV"
"1350F";"Andningsluft (Atm. Luft) PHARMA LINE 50 L. 200 bar 10,0 m3";"36";"1";"0";"0";"DK"
"1405";"Hydrogen 5 L. 200 bar 0,90m3";"0";"1";"0";"0";""
"140545";"Hydrogen 4.5  (Plus) 5 L. 200 bar";"0";"0";"0";"0";""
"140550S";"Hydrogen 5.0 LAB LINE 5 L 200 bar";"0";"0";"0";"0";""
"141050S";"Hydrogen 5.0 LAB LINE 10 L 200 bar";"60";"1";"0";"0";"DK-SV"
"141055S";"Hydrogen 5.5 LAB LINE 10 L. 200 bar. 1,9 m3";"0";"0";"0";"0";"DK-SV"
"141060S";"Hydrogen 6.0 LAB LINE 10 L. 200 bar. 1,9 m3";"0";"0";"0";"0";"DK-SV"
"1420";"Hydrogen 20 L. 200 bar 3,6 m3";"60";"1";"0";"0";"DK-SV"
"142045";"Hydrogen 4.5 (Plus) 20 L. 200 bar 3,6 m3";"60";"1";"0";"0";"DK-SV"
"142050S";"Hydrogen 5.0 LAB LINE 20 L. 200 b 3,6 m3";"60";"1";"0";"0";"DK-SV"
"142055S";"Hydrogen 5.5 LAB LINE 20 L. 200 b 3,6 m3";"60";"1";"0";"0";"DK-SV"
"142060S";"Hydrogen 6.0 LAB LINE 20 L. 200 b 3,6 m3";"60";"1";"0";"0";"DK-SV"
"1450";"Hydrogen 50 L. 200 bar 9,1 m3";"60";"1";"0";"0";"DK-SV"
"145045";"Hydrogen 4.5  50 L. 200 bar 9,1 m3";"60";"1";"0";"0";"DK-SV"
"145050S";"Hydrogen 5.0 LAB LINE 50 L. 200 bar 9,1 m3";"60";"1";"0";"0";"DK-SV"
"145055S";"Hydrogen 5.5 LAB LINE 50 L. 200 bar 9,1 m3";"60";"1";"0";"0";"DK-SV"
"145060S";"Hydrogen 6.0 LAB LINE 50 L. 200 bar 9,1 m3";"60";"1";"0";"0";"DK-SV"
"1485";"Hydrogen H1250 200 bar 109,2 m3";"60";"1";"0";"0";"DK-SV"
"148545";"Hydrogen 4.5 H1250 200 bar 109,2 m3";"60";"1";"0";"0";"DK-SV"
"1505";"Acetylen 5 L. 0,9 KG";"0";"1";"0";"0";""
"15051";"Acetylen 5 L. 0,9 KG  (AGA ventil)";"0";"0";"0";"0";""
"1520";"Acetylen 20 L. 3,6 KG";"60";"1";"0";"0";"DK-SV"
"1520Q";"Acetylen KVIK-TOP 20 L. 3,6 KG";"60";"1";"0";"0";"DK-SV"
"1540";"Acetylen 40 L. 7,2 KG";"60";"1";"0";"0";"DK-SV"
"154025S";"Acetylen 2.5 LAB LINE 40 L. 6,5 KG";"60";"1";"0";"0";"DK-SV"
"1540Q";"Acetylen KVIK-TOP 40 L. 7,2 KG";"60";"1";"0";"0";"DK-SV"
"1571";"Acetylen 0940 64,8 KG";"60";"1";"0";"0";"DK-SV"
"160245S";"Carbondioxid 4.5 LAB LINE 2 L. 1,5 KG";"0";"1";"0";"0";"DK-SV"
"1603F4";"Carbondioxid PHARMA LINE m/klein 2,5 L.";"36";"0";"0";"0";"DK"
"1608";"Carbondioxid 8 L. 6 KG";"0";"0";"0";"0";""
"1608L";"Carbondioxid FOOD LINE 8 L. 6 KG";"0";"0";"0";"0";""
"1614";"Carbondioxid 14 L. 10 KG";"0";"0";"0";"0";""
"1614L";"Carbondioxid FOOD LINE 14 L. 10 KG";"0";"0";"0";"0";""
"1614TRS";"CO2 COOLINE R744 max. 5 ppm H2O m. tovejs ventil. 10 L.";"60";"1";"0";"0";"DK-SV"
"1620";"Carbondioxid 20 L. 15 KG";"60";"1";"0";"0";"DK-SV"
"162045S";"Carbondioxid 4.5 LAB LINE 20 L. 15 KG";"60";"1";"0";"0";"DK-SV"
"162055S";"Carbondioxid 5.5 LAB LINE 20 L. 15 kg.";"0";"0";"0";"0";"DK-SV"
"1620D";"Carbondioxid Dip tube 20L. 15 KG";"60";"1";"0";"0";"DK-SV"
"1620DR";"Carbondioxid R744 Cooling/Dip tube 20L, 15kg";"60";"1";"0";"0";"DK-SV"
"1620L";"Carbondioxid FOOD LINE 20 L. 15 KG";"60";"1";"0";"0";"DK-SV"
"1640";"Carbondioxid 40 L. 26 KG";"60";"1";"0";"0";"DK-SV"
"164045S";"Carbondioxid 4.5 LAB LINE 40 L. 26 KG";"60";"1";"0";"0";"DK-SV"
"1640D";"Carbondioxid Dip tube 40 L. 26 KG";"60";"1";"0";"0";"DK-SV"
"1640DR";"Carbondioxid R744 Cooling/Dip tube 40 L. 26 KG";"60";"1";"0";"0";"DK-SV"
"1640L";"Carbondioxid FOOD LINE 40 L. 26 KG";"60";"1";"0";"0";"DK-SV"
"1650";"Carbondioxid 50 L. 37,5 KG";"60";"1";"0";"0";"DK-SV"
"165055SD";"Carbondioxid 5.5 LAB LINE Dip Tube 50 L. 37,5 KG";"60";"1";"0";"0";"DK-SV"
"1671";"Carbondioxid 0940 234 KG";"60";"1";"0";"0";"DK-SV"
"167130SG";"Carbondioxid 3.0 Liquid 0940 234 KG";"60";"1";"0";"0";"DK-SV"
"1671DR";"Carbondioxid R744 Cooling/Dip tube 0940 234 KG";"60";"1";"0";"0";"DK-SV"
"1671L";"Carbondioxid FOOD LINE 0940 234 KG";"60";"1";"0";"0";"DK-SV"
"168545S";"Carbondioxid 4.5 LAB LINE H1250 450 KG";"60";"1";"0";"0";"DK-SV"
"1698";"Carbondioxid TECH LINE Liquid KG";"0";"1";"0";"0";""
"1710F";"Dinitrogenoxid PHARMA LINE 10 L.";"36";"1";"0";"0";"SE"
"1710M";"Dinitrogenoxid MED LINE 10 L.";"36";"1";"0";"0";"SE"
"1750F";"Dinitrogenoxid PHARMA LINE 50 L.";"36";"1";"0";"0";"SE"
"1802";"Helium 2 L. 200 bar";"0";"0";"0";"0";""
"1804";"Helium 4 L 200 bar";"0";"0";"0";"0";""
"1805";"Helium 5 L. 200 bar";"0";"0";"0";"0";""
"180518";"Ballonhelium 5 L. 200 bar";"0";"0";"0";"0";""
"180550S";"Helium 5.0 LAB LINE 5 L. 200 bar 0,9 m3";"0";"0";"0";"0";""
"181055S";"Helium 5.5 LAB LINE 10 L. 200 bar. 1,9 m3";"0";"0";"0";"0";"DK-SV"
"181060S";"Helium 6.0 LAB LINE 10 L. 200 bar 1,8 m3";"0";"0";"0";"0";"DK-SV"
"181060SB";"Helium 6.0 LAB LINE BIP 10 L. 200 bar 1,8 m3";"60";"1";"0";"0";"DK-SV"
"1820";"Helium 20 L. 200 bar 3,7 m3";"60";"1";"0";"0";"DK-SV"
"182060S";"Helium 6.0 LAB LINE 20 L. 200 bar 3,7 m3";"60";"1";"0";"0";"DK-SV"
"1850";"Helium 50 L. 200 bar 9,3 m3";"60";"1";"0";"0";"DK-SV"
"185050S";"Helium 5.0 LAB LINE 50 L. 200 bar 9,3 m3";"60";"1";"0";"0";"DK-SV"
"185055S";"Helium 5.5 LAB LINE 50 L. 200 bar 9,3 m3";"60";"1";"0";"0";"DK-SV"
"185060S";"Helium 6.0 LAB LINE 50 L. 200 bar 9,3 m3";"60";"1";"0";"0";"DK-SV"
"185060SB";"Helium 6.0 LAB LINE BIP 50 L 200 bar 9,3 m3";"60";"1";"0";"0";"DK-SV"
"1859";"Helium, Liquid - 60 L.";"0";"1";"0";"0";"DK-SV"
"1860";"Helium, Liquid - 100 L.";"0";"0";"0";"0";"DK-SV"
"1861";"Helium, Liquid - 120 L.";"0";"0";"0";"0";"DK-SV"
"1862";"Helium, Liquid - 250 L.";"0";"0";"0";"0";"DK-SV"
"1863";"Helium, Liquid - 500 L.";"0";"0";"0";"0";"DK-SV"
"1885";"Helium H1250 200 bar 111,6 m3";"60";"1";"0";"0";"DK-SV"
"188555S";"Helium 5.5 LAB LINE H1250 200 b 111,6 m3";"60";"1";"0";"0";"DK-SV"
"1888";"Helium XL-bat. 300 bar 167,3 m3";"60";"1";"0";"0";"DK-SV"
"188850S";"Helium 5.0 LAB LINE XL-bat. 300 bar 167,3 m3";"60";"1";"0";"0";"DK-SV"
"192000";"Gasol 2000  0,34 KG";"0";"0";"0";"0";""
"192012";"Gasol 2012  2 KG";"0";"0";"0";"0";""
"1933";"Gasol 33 kg, Stål";"0";"0";"0";"0";""
"19M16";"Gasol M16   16 KG";"0";"0";"0";"0";""
"19P06";"Gasol P 6  6 KG";"0";"0";"0";"0";""
"19P11";"Gasol P11 11 KG";"0";"0";"0";"0";""
"19P19";"Gasol P19 19 KG";"0";"0";"0";"0";""
"19P45";"Gasol P45 45 KG";"0";"0";"0";"0";""
"19PA11";"Gasol PA11 11 KG";"0";"0";"0";"0";""
"19PA6";"Gasol PA6  6 KG";"0";"0";"0";"0";""
"19PC10";"Gasol PC10 10 KG";"0";"0";"0";"0";""
"19PC5";"Gasol PC5  5 KG";"0";"0";"0";"0";""
"19PK6";"Gasol PK6  6 KG";"0";"0";"0";"0";""
"201025S";"Methan 2.5  10 L.";"0";"0";"0";"0";"DK-SV"
"201045S";"Metan 4.5 LAB LINE 10 L. 100 bar. 1,18 m3";"60";"1";"0";"0";"DK-SV"
"201055S";"Methane 5.5 LAB LINE 10 L.";"0";"0";"0";"0";"DK-SV"
"205035S";"Methane 3.5 (CH4) 50 L.";"60";"1";"0";"0";"DK-SV"
"2150134R";"Tetrafluorethane R134a 50 L 54 KG";"60";"1";"0";"0";"DK-SV"
"302002";"Argonmix 2 (O2) 20 L. 200 bar 4,4 m3";"60";"1";"0";"0";"DK-SV"
"305002";"Argonmix 2 (O2) 50 L. 200 bar 10,9 m3";"60";"1";"0";"0";"DK-SV"
"308802";"Argonmix 2 (O2) XL-bat. 300 bar 199,0 m3";"60";"1";"0";"0";"DK-SV"
"310518";"Argonmix 82-18 (CO2) 5 L. 200 bar 1,2 m3";"0";"1";"0";"0";""
"312002";"Argonmix 98-2 (CO2) 20 L. 200 bar 4,4 m3";"60";"1";"0";"0";"DK-SV"
"312008";"Argonmix 92-8 (CO2) 20 L. 200 bar 4,5 m3";"60";"1";"0";"0";"DK-SV"
"312018";"Argonmix 82-18 (CO2) 20 L. 200 bar 4,8 m3";"60";"1";"0";"0";"DK-SV"
"312018Q";"Argonmix 82-18 (CO2) KVIK-TOP 20L 300 bar 6,8 m3";"60";"1";"0";"0";"DK-SV"
"312025";"Argonmix  75-25 (CO2) 20 L. 200 Bar 4,4 m3";"60";"1";"0";"0";"DK-SV"
"315002";"Argonmix 98-2 (CO2) 50 L. 200 b 11,0 m3";"60";"1";"0";"0";"DK-SV"
"315008";"Argonmix 92-8 (CO2) 50 L. 200 b 11,4 m3";"60";"1";"0";"0";"DK-SV"
"315012";"Argonmix 88-12 (CO2) 50 L. 200 bar 11,6 m3";"60";"1";"0";"0";"DK-SV"
"315018";"Argonmix 82-18 (CO2) 50 L. 200 bar 11,9 m3";"60";"1";"0";"0";"DK-SV"
"315018Q";"Argonmix 82-18 (CO2) KVIK-TOP 50 L. 300 bar 17,10 m3";"60";"1";"0";"0";"DK-SV"
"315025";"Argonmix 75-25(CO2) 50 L. 200 bar 12,3m3";"60";"1";"0";"0";"DK-SV"
"318508";"Argonmix 92-8 (CO2) H1250 200 b 136,8 m3";"60";"1";"0";"0";"DK-SV"
"318518";"Argonmix 82-18 (CO2) H1250 200 bar 142,8 m3";"60";"1";"0";"0";"DK-SV"
"318802";"Argonmix 98-2 (CO2) XL-bat. 300 bar 207,3 m3";"60";"1";"0";"0";"DK-SV"
"318808";"Argonmix 92-8 (CO2) XL-bat. 300 bar 207,3 m3";"60";"1";"0";"0";"DK-SV"
"318812";"Argonmix 88-12 (CO2) XL-bat. 300 Bar 211 m3";"60";"1";"0";"0";"DK-SV"
"318818";"Argonmix 82-18 (CO2) XL-bat. 300 bar 218 m3";"60";"1";"0";"0";"DK-SV"
"322002P";"PRO LINE H2 20 L. 200 bar 4,4 m3";"60";"1";"0";"0";"DK-SV"
"322004P";"PRO LINE H4 20 L. 200 bar 4,4 m3";"60";"1";"0";"0";"DK-SV"
"322005P";"PRO LINE H5 20 L. 200 bar 4,3 m3";"60";"1";"0";"0";"DK-SV"
"325002P";"PRO LINE H2 50 L. 200 bar 10,9 m3";"60";"1";"0";"0";"DK-SV"
"325004P";"PRO LINE H4 50 L. 200 bar 10,9 m3";"60";"1";"0";"0";"DK-SV"
"325005P";"PRO LINE H5 50 L. 200 bar 10,8 m3";"60";"1";"0";"0";"DK-SV"
"325007P";"PRO LINE H7 50 L. 200 bar 10,8 m3";"60";"1";"0";"0";"DK-SV"
"325010P";"PRO LINE H10 50 L. 200 bar 10,7 m3";"60";"1";"0";"0";"DK-SV"
"325035P";"PRO LINE H35 50 L. 200 bar 10,3 m3";"60";"1";"0";"0";"DK-SV"
"328502P";"PRO LINE H2 H1250 200 bar 130,8 m3";"60";"1";"0";"0";"DK-SV"
"332030P";"PRO LINE HE30 20 L. 200 bar 4,0 m3";"60";"1";"0";"0";"DK-SV"
"335020P";"PRO LINE HE20 50 L. 200 bar 10,3 m3";"60";"1";"0";"0";"DK-SV"
"335030P";"PRO LINE HE30 50 L. 200 bar 10,0 m3";"60";"1";"0";"0";"DK-SV"
"335050P";"PRO LINE HE50 50 L. 200 bar 9,4 m3";"60";"1";"0";"0";"DK-SV"
"335070P";"PRO LINE HE70 50 L. 200 bar 9,3 m3";"60";"1";"0";"0";"DK-SV"
"338550P";"PRO LINE HE50 H1250 200 bar 113,0 m3";"60";"1";"0";"0";"DK-SV"
"390505";"Formiergas 95-5 5 L. 200 bar";"0";"1";"0";"0";""
"392005";"Formiergas 95-5 20 L. 200 bar 3,8 m3";"60";"1";"0";"0";"DK-SV"
"392010";"Formiergas 90-10 20 L. 200 bar 3,8 m3";"60";"1";"0";"0";"DK-SV"
"395005";"Formiergas 95-5 50 L. 200 bar 9,8 m3";"60";"1";"0";"0";"DK-SV"
"395010";"Formiergas 90-10 50 L. 200 bar 9,6 m3";"60";"1";"0";"0";"DK-SV"
"395010P";"Formiergas 90-10 PRO LINE 50 L. 200 bar 9,6 m3";"60";"1";"0";"0";"DK-SV"
"398510";"Formiergas 90-10 H1250 200 bar 115,2 m3";"60";"1";"0";"0";"DK-SV"
"40500103";"Argonmix 96-3-1 50 L. 200 bar 11,2 m3";"60";"1";"0";"0";"DK-SV"
"40500606";"Argonmix 88-6-6 50 L. 200 bar 11,2 m3";"60";"1";"0";"0";"DK-SV"
"40880103";"Argonmix 96-3-1 XL-bat. 300 bar 209 m3";"60";"1";"0";"0";"DK-SV"
"42200230";"Argonmix 68-2 CO2-HE30 20L.200 bar";"60";"1";"0";"0";"DK-SV"
"42500215";"PRO LINE ROA 3 50 L. 200 bar 10,5 m3";"60";"1";"0";"0";"DK-SV"
"42500230";"Argonmix 68-2CO2-HE30 50 L. 200 bar";"60";"1";"0";"0";"DK-SV"
"4720P";"PRO LINE ROA 20 L. 200 bar 4,4 m3";"60";"1";"0";"0";"DK-SV"
"475002P";"PRO LINE ROA 2 50 L. 200 bar 10,7 m3";"60";"1";"0";"0";"DK-SV"
"4750P";"PRO LINE ROA 50 L. 200 bar 10,9 m3";"60";"1";"0";"0";"DK-SV"
"4820P";"PRO LINE PROAL 20 L. 200 bar 4,1 m3";"60";"1";"0";"0";"DK-SV"
"4850P";"PRO LINE PROAL 50 L. 200 bar 10,3 m3";"60";"1";"0";"0";"DK-SV"
"500118601440";"Blandgas 40% H2 i Helium, 1 L.";"0";"1";"0";"0";""
"500218601440";"Blandgas 40% H2 i Helium,  2 L.";"0";"0";"0";"0";""
"50101021117950S";"Synt. Luft 5.0 LAB LINE 10 L. 200 bar";"60";"1";"0";"0";"DK-SV"
"50101095";"Blandgas 5% CO2 i Oxygen 10 L. 200 bar.";"0";"0";"0";"0";"DK-SV"
"501011601440";"Blandgas 40% H2 i Nitrogen, 10 L, 200 bar.";"60";"0";"0";"0";"DK-SV"
"50101865S";"Lasergas Rofin 6%CO/4%CO2/65%He/19%N2/3%O2/3%Xe10 L.";"60";"1";"0";"0";"DK-SV"
"50201021117950S";"Synt. Luft 5.0 LAB LINE 20 L. 200 bar";"60";"1";"0";"0";"DK-SV"
"50201095";"Blandgas 5% CO2 i Oxygen 20 L.";"0";"0";"0";"0";"DK-SV"
"50201199";"Blandgas 1% CO2 i Nitrogen 20 L. 150 bar.";"0";"0";"0";"0";"DK-SV"
"50201670";"Blandgas 30% O2 i CO2, 20 L, 50 bar";"0";"0";"0";"0";"DK-SV"
"505010011199";"Gasmixture 100ppm O2 / N2 50 L.";"60";"1";"0";"0";"DK-SV"
"505010211179";"Synt. Luft, 50 L, 200 bar";"60";"1";"0";"0";"DK-SV"
"50501021117950S";"Synt. Luft 5.0 LAB LINE 50 L. 200 bar";"60";"1";"0";"0";"DK-SV"
"50501021117955S";"Synt. Luft 5.5 LAB LINE 50 L. 200 bar";"60";"1";"0";"0";"DK-SV"
"50501095";"Blandgas 5% CO2 i Oxygen, 50 L, 200 bar";"60";"1";"0";"0";"DK-SV"
"50501170";"Blandgas 30% O2 i Nitrogen 50 L. 200 bar. 10 m3";"120";"1";"0";"0";"DK-SV"
"505011801S";"LAB LINE 10% H2 / 10% CO2 / N2 50 L.";"60";"1";"0";"0";"DK-SV"
"505011802S";"LAB LINE 10% H2 / 5% CO2 / N2 50 L.";"60";"1";"0";"0";"DK-SV"
"50501185";"Blandgas 10% CO2, 5% O2 i Nitrogen, 50 L, 150 bar.";"0";"0";"0";"0";"DK-SV"
"50501186";"Blandgas 7% CO2, 7% H2 i Nitrogen. 50 L. 200 bar.";"0";"0";"0";"0";"DK-SV"
"50501188";"LAB LINE P6 0,1% CH3OH, 0,2%DME, 0,3%CO, 0,1%CO2, 11%O2 i N2";"60";"1";"0";"0";"DK-SV"
"50501195";"Blandgas 5% CO2 i Nitrogen, 50 L, 200 bar, 10 m3";"60";"1";"0";"0";"DK-SV"
"505011961404";"Blandgas 4% H2 i Nitrogen, 50 L, 200 bar, 9,8 m3";"60";"1";"0";"0";"DK-SV"
"505011961404S";"LAB LINE 4% H2 i Nitrogen, 50 L, 200 bar, 9,8 m3";"60";"1";"0";"0";"DK-SV"
"505011981402";"Blandgas 2% H2 i Nitrogen, 50 L, 200 bar";"60";"1";"0";"0";"DK-SV"
"505011991401";"Blandgas 1% H2 i Nitrogen, 50 L, 200 bar";"60";"1";"0";"0";"DK-SV"
"50501256";"Blandgas 1,5% H2, 2,5% CO2, 40% He i Argon, 50 L";"60";"1";"0";"0";"DK-SV"
"5050126918301001";"Blandgas 1% O2, 30% He i Argon, 50 L, 10,9 m3";"60";"1";"0";"0";"DK-SV"
"505018281S";"Lasergas LABLINE 28% He/60% N2/8% CO2/4% CO 50L. 150 Bar";"60";"1";"0";"0";"DK-SV"
"50501840S";"Lasergas LABLINE 40% He / 55% N2 / 5% CO2 50 L. 200 bar";"60";"1";"0";"0";"DK-SV"
"505018601440";"Gasmixture 40% H2 / He 50 L. 200bar";"60";"1";"0";"0";"DK-SV"
"50501861S";"Lasergas LABLINE 61% He / 34% N2 / 5% CO2 50 L. 150bar";"60";"1";"0";"0";"DK-SV"
"50501865S";"Lasergas LABLINE 65,45% He/31,40% N2/3,15% CO2 50L 150 bar";"60";"1";"0";"0";"DK-SV"
"50501881S";"Lasergas LABLINE 81% He / 15,6% N2 / 3,4% CO2 50 L. 150bar";"60";"1";"0";"0";"DK-SV"
"50501882S";"Lasergas LABLINE 82%He / 13,5%N2 / 4,5%CO2 50 L. 150bar";"60";"1";"0";"0";"DK-SV"
"50502495";"Blandgas 5% CO2 i Synt. Luft, 50 L";"60";"1";"0";"0";"DK-SV"
"505032331433";"LAB LINE P4 33% CO, 33% H2, 34% Propylene, 50 L, 20 bar";"60";"1";"0";"0";"DK-SV"
"50851021117950S";"Synt. Luft 5.0 LAB LINE H1250 200 bar";"60";"1";"0";"0";"DK-SV"
"508518601440";"Gasmixture 40% H2 / He H1250 200bar";"60";"1";"0";"0";"DK-SV"
"510510501750M";"LATOX 50% N2O / 50% O2, MED LINE pin/stål 5 L. 162 bar.";"0";"0";"0";"0";""
"51201169F";"PHARMA LINE 9,3% He, 20,9% O2 i Nitrogen 20 L, 150 bar. 3 m3";"0";"0";"0";"0";"DK-SV"
"51201170F";"PHARMA LINE 0,28%CO,9,5%HE,21%O2j i N2. 20 L. 150 bar";"0";"0";"0";"0";"DK-SV"
"51201170M";"MED LINE 0,28% CO, 9,3% He, 20,9% O2 i N2, 20 L, 150 bar";"60";"1";"0";"0";"SE"
"51201171F";"PHARMA LINE 0,19% CO,9%He,20%O2 i N2. 20 L. 150 bar.";"0";"0";"0";"0";"DK-SV"
"51201171M";"MED LINE 0,17%CO,8%He,20,9%O2 i N2. 20 L. 150 bar";"60";"1";"0";"0";"SE"
"51201172F";"PHARMA LINE 4%SF6,4%He,21%O2 i N2. 20 L. 150 bar";"0";"0";"0";"0";"DK-SV"
"51201172M";"MED LINE 4%SF6,4%He,20,9%O2 i N2. 20 L. 150 bar.";"60";"1";"0";"0";"SE"
"512011781F";"PHARMA LINE 0,3%CH4,0,3%CO,21%O2 i N2. 20 L. 200 bar";"0";"0";"0";"0";"DK-SV"
"512011781M";"MED LINE 0,24%CH4,0,3%CO,20,9%O2 i N2. 20 L. 200 bar";"24";"1";"0";"0";"SE"
"51201178M";"MED LINE 0,3%C2H2,0,3%CH4,0,3%CO,20,9%O2 i N2. 20 L. 200 bar";"24";"1";"0";"0";"DK-SV"
"51201185M";"MED LINE 15% O2 i N2. 20 L. 150 bar. 3 m3";"0";"0";"0";"0";"SE"
"51201879M";"MED LINE 21% O2 i Helium 20 L. 150 bar. 3 m3";"0";"0";"0";"0";"SE"
"51202495M";"MED LINE 5% CO2 i Synt. Luft 20 L. 150 bar. 3 m3";"0";"0";"0";"0";"SE"
"51202499F";"PAHRMA LINE 0,5% CO2 i Synt. Luft 20 L. 150 Bar";"60";"1";"0";"0";"DK"
"51501188F";"PHARMA LINE 12% O2 i N2. 50 L. 150 bar";"0";"0";"0";"0";"DK"
"51501190F";"PHARMA LINE 10% O2 i N2 50 L. 150 bar.";"0";"0";"0";"0";"DK"
"520511801620L";"FOOD LINE 20% CO2 i Nitrogen 5 L. 200 bar. 1,2 m3";"0";"0";"0";"0";"DK-SV"
"525010801620L";"FOOD LINE 20% CO2 / O2 50 L 150 bar";"60";"1";"0";"0";"DK-SV"
"525011701630L";"FOOD LINE 30% CO2 / N2 50 L. 150 bar";"60";"1";"0";"0";"DK-SV"
"528511701630L";"FOOD LINE 30% CO2 / N2 L1250 150 bar";"60";"1";"0";"0";"DK-SV"
"54500001";"Gasmixture Premix A 1% F2 / 1,3% Kr / Ne 50 L.";"60";"1";"0";"0";"DK-SV"
"54500003";"Gasmixture Premix B 1,3% Kr / 30ppm Xe / Ne 50 L.";"60";"1";"0";"0";"DK-SV"
"550224981S";"LAB LINE 2% H2 i Synt. Luft. 2 L. 110 bar.";"36";"1";"0";"0";"DK-SV"
"550224982S";"LAB LINE 1,1% Methan i Synt. Luft. 2 L. 110 bar.";"36";"1";"0";"0";"DK-SV"
"55022498S";"LAB LINE 1,1% H2 i Synt. Luft. 2 L. 110 bar.";"36";"1";"0";"0";"DK-SV"
"550224991S";"LAB LINE 0,68% Propan i Synt. Luft. 2 L. 110 bar.";"36";"1";"0";"0";"DK-SV"
"55022499S";"LAB LINE 1%H2 i Synt. Luft. 2 L. 110 bar.";"36";"1";"0";"0";"DK-SV"
"55051095S";"LAB LINE 5% N2 i O2 5 L. 150 bar.";"0";"0";"0";"0";"DK-SV"
"55051183S";"LAB LINE Auto acc. 2000 ppm C3H8, 3,5% CO, 14% CO2 i N2, 5 L";"0";"1";"0";"0";"DK-SV"
"55051192S";"LAB LINE 8% Oxygen i Nitrogen 5 L. 150 Bar";"36";"1";"0";"0";"DK-SV"
"55051198S";"LAB LINE 2% Oxygen i Nitrogen 5 L. 150 Bar";"36";"1";"0";"0";"DK-SV"
"55051890S";"LAB LINE 10% O2 i Helium 5 L. 150 Bar.";"36";"1";"0";"0";"DK-SV"
"55101088S";"LAB LINE 0,3% CH4, 0,18% CO, 88,12% O2 i Nitrogen, 10 L";"60";"0";"0";"0";"DK-SV"
"55101090S";"LAB LINE 10% CO2 i Oxygen 10 L. 150 Bar";"36";"1";"0";"0";"DK-SV"
"55101110S";"LAB LINE 10% CH4, 25% CO, 20%CO2, 35% H2 i Nitrogen, 10 L";"0";"0";"0";"0";"DK-SV"
"55101175S";"LAB LINE 9,8% CO2, 14,9% O2 i Nitrogen 10 L. 150 bar";"0";"0";"0";"0";"DK-SV"
"55101176S";"LAB LINE 9,8% CO2, 14% O2 i Nitrogen 10 L.";"0";"0";"0";"0";"DK-SV"
"551011771S";"LAB LINE 22,5% CO2 i Nitrogen, 10 L.";"0";"0";"0";"0";"DK-SV"
"55101177S";"LAB LINE 8% CO2, 15% O2 i Nitrogen, 10 L, 150 bar, 1,5 m3";"0";"0";"0";"0";"DK-SV"
"551011781S";"LAB LINE 800 ppm CO, 13% CO2, 8% O2 i Nitrogen 10 L, 150 bar";"0";"0";"0";"0";"DK-SV"
"551011782S";"LAB LINE 0,68% Propan, 20,8% O2 i Nitrogen, 10 L. 200 bar.";"120";"1";"0";"0";"DK-SV"
"55101178S";"LAB LINE 180 ppm CO, 13% CO2, 8% O2 i Nitrogen, 10L, 150 bar";"0";"0";"0";"0";"DK-SV"
"551011791S";"LAB LINE 8% CO2, 13% O2 i Nitrogen, 10 L. 150 bar.";"0";"0";"0";"0";"DK-SV"
"551011792S";"LAB LINE 5% CO2, 16% O2 i Nitrogen, 10 L, 150 bar";"0";"0";"0";"0";"DK-SV"
"55101179S";"LAB LINE 15% O2, 6% CO2 i Nitrogen 10 L 150 bar 1,5 m3";"36";"1";"0";"0";"DK-SV"
"551011801S";"LAB LINE 5% CO2, 15% O2 i Nitrogen, 10 L. 150 bar";"0";"0";"0";"0";"DK-SV"
"55101180S";"LAB LINE 20% O2 i Nitrogen 10 L. 150 bar. 2 m3";"0";"0";"0";"0";"DK-SV"
"551011921S";"LAB LINE 2,8% CO2, 5,6% O2 i Nitrogen 10 L. 150 bar.";"0";"0";"0";"0";"DK-SV"
"55101192S";"LAB LINE 8% CO2 i Nitrogen 10 L. 150 bar.";"0";"0";"0";"0";"DK-SV"
"551011951S";"LAB LINE 5% H2S i Nitrogen, 10 L, 200 Bar";"60";"1";"0";"0";"DK-SV"
"55101195S";"LAB LINE 5% CO2 i Nitrogen, 10 L, 150 bar";"60";"1";"0";"0";"DK-SV"
"55101196S";"LAB LINE 4% CO2 i Nitrogen 10 L. 150 bar";"0";"0";"0";"0";"DK-SV"
"551011981S";"LAB LINE 1,2% iso-Buten i Nitrogen 10 L. 150 bar. 2 m3";"0";"0";"0";"0";"DK-SV"
"55101198S";"LAB LINE 2% O2 i Nitrogen. 10 L. 150 bar. 1,5 m3";"36";"1";"0";"0";"DK-SV"
"5510119910S";"LAB LINE 300 ppm Butanol i Nitrogen 10 L. 200 bar. 2 m3";"0";"0";"0";"0";"DK-SV"
"5510119911S";"LAB LINE 210 ppm NO i Nitrogen 10 L. 150 bar. 2 m3";"0";"0";"0";"0";"DK-SV"
"5510119912S";"LAB LINE 900 ppm NO i Nitrogen 10 L. 150 bar. 2 m3";"0";"0";"0";"0";"DK-SV"
"5510119913S";"LAB LINE 6ppm Benzen,6ppm Toluen,6ppm o-Xylen,6ppm p-Xylen";"0";"0";"0";"0";"DK-SV"
"5510119914S";"LAB LINE 2000 ppm CO2 i Nitrogen 10 L. 150 bar. 2 m3";"0";"0";"0";"0";"DK-SV"
"5510119915S";"LAB LINE 0,7 ppm NO i Nitrogen 10 L. 200 bar.";"36";"1";"0";"0";"DK-SV"
"5510119916S";"LAB LINE 8 ppm CO, 160 ppm CO2 i Nitrogen 10 L. 200 bar.";"60";"1";"0";"0";"DK-SV"
"5510119917S";"LAB LINE 180 ppm NO i Nitrogen 10 L. 200 bar.";"36";"1";"0";"0";"DK-SV"
"5510119918S";"LAB LINE 2600 ppm CO i Nitrogen 10 L. 200 bar.";"36";"1";"0";"0";"DK-SV"
"5510119919S";"LAB LINE 2200 ppm NO i Nitrogen 10 L. 200 bar.";"36";"1";"0";"0";"DK-SV"
"551011991S";"LAB LINE 80ppm CO, 80ppm NO i N2 10 L. 150 bar. 1,5 m3";"60";"0";"0";"0";"DK-SV"
"5510119920S";"LAB LINE 5 ppm CO i Nitrogen 10 L. 200 bar.";"60";"1";"0";"0";"DK-SV"
"5510119921S";"LAB LINE 10ppm CH4, 10 ppm C3H8 i N2. 10 L. 200 bar. 1,78 m3";"60";"1";"0";"0";"DK-SV"
"5510119922S";"LAB LINE 50ppm SO2, 100ppm CO2, 160ppm NO i Nitrogen 10 L.";"36";"1";"0";"0";"DK-SV"
"5510119923S";"LAB LINE 8 ppm CO, 1600 CO2 i Nitrogen 10 L. 200 bar.";"60";"1";"0";"0";"DK-SV"
"5510119924S";"LAB LINE 370 ppm CO i Nitrogen 10 L. 200 bar. 1,78 m3";"60";"1";"0";"0";"DK-SV"
"5510119925S";"LAB LINE 250 ppm O2 i Nitrogen 10 L. 200 bar. 1,78 m3";"60";"1";"0";"0";"DK-SV"
"5510119926S";"LAB LINE 160 ppm NOx, 160 ppm NO i Nitrogen 10 L. 200 bar.";"0";"0";"0";"0";"DK-SV"
"5510119927S";"LAB LINE 900 ppm CH4 i Nitrogen 10 L.";"0";"0";"0";"0";"DK-SV"
"5510119928S";"LAB LINE 25ppb Benzen,25ppb Toluen,25ppb o-Xylen";"0";"0";"0";"0";"DK-SV"
"5510119929s";"LAB LINE 500 ppb NO i Nitrogen, 10 L, 200 bar.";"12";"1";"0";"0";"DK-SV"
"551011992S";"LAB LINE 100 0ppm N2O i Nitrogen 10 L.";"0";"0";"0";"0";"DK-SV"
"5510119930S";"LAB LINE 2 ppm NO i Nitrogen 10 L. 150 bar.";"0";"0";"0";"0";"DK-SV"
"5510119931S";"LAB LINE 0,4% CO i Nitrogen 10 L. 200 bar.";"0";"0";"0";"0";"DK-SV"
"5510119932S";"LAB LINE 200 ppb NO i Nitrogen, 10 L. 150 bar.";"0";"0";"0";"0";"DK-SV"
"5510119933S";"LAB LINE 70 ppb NO i Nitrogen 10 L. 200 bar. 1,78 m3";"12";"1";"0";"0";"DK-SV"
"5510119935S";"LAB LINE 40 mg/Nm3 HCI i Nitrogen 10 L.";"12";"1";"0";"0";"DK-SV"
"5510119936S";"LAB LINE 1800 ppm CO i Nitrogen 10 L.";"120";"1";"0";"0";"DK-SV"
"5510119937S";"LAB LINE 180 ppm SO2 i Nitrogen 10 L.";"36";"1";"0";"0";"DK-SV"
"5510119938S";"LAB LINE 270 ppm NO i Nitrogen 10 L.";"36";"1";"0";"0";"DK-SV"
"5510119939S";"LAB LINE 100 ppb SO2 i Nitrogen 10 L.";"0";"0";"0";"0";"DK-SV"
"551011993S";"LAB LINE 40 ppm O2 i N2 10 L. 150 bar.";"36";"1";"0";"0";"DK-SV"
"551011994S";"LAB LINE 800 ppm NO i Nitrogen 10 L. 200 bar. 2 m3";"0";"0";"0";"0";"DK-SV"
"551011995S";"LAB LINE 90 ppm NO i Nitrogen 10 L. 200 bar. 2 m3";"0";"0";"0";"0";"DK-SV"
"551011996S";"LAB LINE 3500 ppm CO i Nitrogen 10 L. 200 bar. 2 m3";"0";"0";"0";"0";"DK-SV"
"551011997S";"LAB LINE 1000 ppm CO i Nitrogen 10 L. 200 bar. 2 m3";"0";"0";"0";"0";"DK-SV"
"551011998S";"LAB LINE 200 ppm SO2 i Nitrogen 10 L. 200 bar. 2 m3";"0";"0";"0";"0";"DK-SV"
"551011999S";"LAB LINE 10 ppm O2 i Nitrogen 10 L. 200 bar. 1,5 L.";"60";"1";"0";"0";"DK-SV"
"55101199S";"LAB LINE 1% Oxygen i Nitrogen 10 L. 150 Bar";"36";"1";"0";"0";"DK-SV"
"551024901S";"LAB LINE 0,25% CO, 9,2% He i Synt. Luft, 10 L. 150 bar";"0";"0";"0";"0";"DK-SV"
"55102490S";"LAB LINE 10% He i Synt. Luft 10 L. 150 bar";"60";"1";"0";"0";"DK-SV"
"55102495S";"LAB LINE 5% CO2 i Synt. Luft 10 L. 150 bar.";"0";"0";"0";"0";"DK-SV"
"551024991S";"LAB LINE 0,3% Metan, 0,3% CO i Synt. Luft 10 L. 150Bar";"0";"0";"0";"0";"DK-SV"
"551024992S";"LAB LINE 0,3% Metan, 0,18 % CO i Synt. Luft. 10 L. 150 bar";"60";"0";"0";"0";"DK-SV"
"551024993S";"LAB LINE 8120 ppm n-Butan i Synt. Luft. 10 L. 150bar. 1,5 m3";"36";"1";"0";"0";"DK-SV"
"551024994S";"LAB LINE 1 ppm N2O i Synt. luft. 10 L. 200 bar.";"24";"1";"0";"0";"DK-SV"
"551024995S";"LAB LINE 0,32% ppm N2O i Synth. luft. 10 L. 200 bar.";"24";"1";"0";"0";"DK-SV"
"551024996S";"LAB LINE 1000 ppm Etylen i Synt. Luft. 10 L. 200 bar";"60";"1";"0";"0";"DK-SV"
"55102499S";"LAB LINE 0,3% Acetylen,0,3% Metan,0,3% CO i Synt. Luft, 10 L";"90";"1";"0";"0";"DK-SV"
"55201095S";"LAB LINE 5% CO2 i Oxygen, 20 L. 150 bar. 3 m3";"0";"0";"0";"0";"DK-SV"
"552011791S";"LAB LINE 4,5% CO2, 16% O2 i Nitrogen 20 L.";"0";"0";"0";"0";"DK-SV"
"55201179S";"LAB LINE 0,5% CO2, 20,5% O2 i Nitrogen 20 L.";"0";"0";"0";"0";"DK-SV"
"55201180S";"LAB LINE 20% CO2 i Nitrogen 20 L.";"0";"0";"0";"0";"DK-SV"
"55201190S";"LAB LINE 5% CO2, 5% O2 i Nitrogen 20 L.";"60";"1";"0";"0";"DK-SV"
"55201195S";"LAB LINE 5% H2 i Nitrogen 20 L. 150 bar.";"36";"1";"0";"0";"DK-SV"
"55201198S";"LAB LINE 2% O2 i Nitrogen. 20 L.";"0";"0";"0";"0";"DK-SV"
"552011991S";"LAB LINE 8 ppm NO i Nitrogen 20 L. 200 bar";"0";"0";"0";"0";"DK-SV"
"552011992S";"LAB LINE 100 ppm SO2 i Nitrogen 20 L. 200 bar. 3,6 m3";"12";"1";"0";"0";"DK-SV"
"552011993S";"LAB LINE 20ppm C2H6,20ppm CH4,200ppm CO2 i N2. 20 L. 3,6 m3";"60";"1";"0";"0";"DK-SV"
"552011994S";"LAB LINE 200 ppm C2H6, 200 ppm CH4,2000 ppm CO2 i N2. 20 L.";"60";"1";"0";"0";"DK-SV"
"552011995S";"LAB LINE 200 ppm SO2 i Nitrogen 20 L. 200 bar. 3,57 m3";"36";"1";"0";"0";"DK-SV"
"55201199S";"LAB LINE 800 ppm O2 i Nitrogen, 20 L.";"0";"0";"0";"0";"DK-SV"
"55201275S";"LAB LINE 25% O2 i Argon 20 L. 150 bar.";"36";"1";"0";"0";"DK-SV"
"55201290S";"LAB LINE 10% CH4 i Argon 20 L. 150 bar.";"0";"0";"0";"0";"DK-SV"
"55201295S";"LAB LINE 5% CH4 i Argon 20 L. 150 bar.";"0";"0";"0";"0";"DK-SV"
"55201670S";"LAB LINE 30% O2 i CO2 20 L. 50 bar";"36";"1";"0";"0";"DK-SV"
"55201899S";"LAB LINE 0,3% CO2 i Helium. 20 L.";"0";"0";"0";"0";"DK-SV"
"552024991S";"LAB LINE 80 ppm i Synt. Luft. 20 L.";"0";"0";"0";"0";"DK-SV"
"552024992S";"LAB LINE 8 ppm Propan i Synt. Luft. 20 L. 200 bar.";"0";"0";"0";"0";"DK-SV"
"552024993S";"LAB LINE 0,3% Ac, 0,3% CH4,0,3% CO i Synt. Luft. 20 L.";"25";"1";"0";"0";"DK-SV"
"55202499S";"LAB LINE 880 ppm Propan i Synt. Luft. 20 L. 150 bar";"36";"1";"0";"0";"DK-SV"
"55202590S";"LAB LINE 10% Propen i Propan, 20 L";"0";"0";"0";"0";"DK-SV"
"55202592S";"LAB LINE 3 ppm CO2, 50 ppm n-Butan, 50 ppm iso-Butan....";"0";"0";"0";"0";"DK-SV"
"55202596S";"LAB LINE 200 ppm CO2 ,0,2% Propen, 0,3% Etylen, 0,5% Metan..";"60";"1";"0";"0";"DK-SV"
"552025971S";"LAB LINE 10 ppm Propadien,10 ppm Methylacetylen....";"24";"1";"0";"0";"DK-SV"
"55202597S";"LAB LINE 300 ppm Etan, 3% Propan i Propen 20 L.";"12";"1";"0";"0";"DK-SV"
"552025991S";"LAB LINE 2 ppm Ac, 300 ppm Etan, 800 ppm Metan i Eten, 20L";"12";"1";"0";"0";"DK-SV"
"552025992S";"LAB LINE 1000 ppm CO,1000 ppm N2, 2000 ppm CO2, 2000 ppm O2";"0";"0";"0";"0";"DK-SV"
"552025993S";"LAB LINE 1000 ppm Eten, 200 ppm Propen i Etan, 20 L";"36";"1";"0";"0";"DK-SV"
"552025994S";"LAB LINE 1 ppm CO, 5 ppm CO2, 5 ppm C2H2, 5 ppm C3H6.......";"24";"1";"0";"0";"DK-SV"
"55501095S";"LAB LINE 5% CO2 i Oxygen 50 L. 150 bar. 7,5 m3";"36";"1";"0";"0";"DK-SV"
"55501141S";"LAB LINE 27% Oxygen / 32% Helium i N2  200 Bar 50 L. 10 m3";"36";"1";"0";"0";"DK-SV"
"5550115916S";"LAB LINE P3 1800 ppm CO2, 0,9% CO i Nitrogen, 50 L";"60";"1";"0";"0";"DK-SV"
"55501160S";"LAB LINE 40% CO2 i Nitrogen, 50 L";"0";"0";"0";"0";"DK-SV"
"55501175S";"LAB LINE 25% O2 i Nitrogen 50 L. 150 bar.";"36";"1";"0";"0";"DK-SV"
"55501176S";"LAB LINE 6% CO2, 18% O2 i Nitrogen 50 L";"60";"0";"0";"0";"DK-SV"
"55501177S";"LAB LINE 8% CO2, 15% O2 i N2 50 L. 150 bar.";"0";"0";"0";"0";"DK-SV"
"555011791S";"LAB LINE 21% CO2 i Nitrogen 50 L.";"0";"0";"0";"0";"DK-SV"
"55501179S";"LAB LINE 600 ppm CO2, 20% O2 i Nitrogen 50 L. 200 bar.";"0";"0";"0";"0";"DK-SV"
"555011801S";"LAB LINE 600 ppm CO2, 20% O2 i Nitrogen, 50 L. 150 bar.";"36";"1";"0";"0";"DK-SV"
"555011802S";"LAB LINE 10% SO2, 10% NO2 i Nitrogen 50 L.  3,1 bar.";"36";"1";"0";"0";"DK-SV"
"555011803S";"LAB LINE 20% H2 i Nitrogen, 50 L.";"0";"0";"0";"0";"DK-SV"
"55501180S";"LAB LINE 20% CO2 5.5 i Nitrogen 5.0 50 L. 150 bar";"0";"0";"0";"0";"DK-SV"
"555011831S";"LAB LINE 3% CO2, 14% O2 i Nitrogen 50 L.";"60";"0";"0";"0";"DK-SV"
"555011851S";"LAB LINE 15% O2 i Nitrogen. 50 L. 150 bar. 7,5 m3";"36";"1";"0";"0";"DK-SV"
"55501185S";"LAB LINE 5% CO2, 10% O2 i Nitrogen, 50 L, 150 bar";"36";"1";"0";"0";"DK-SV"
"55501188S";"LAB LINE 0,1%CH3OH,0,1%CO2,0,2%DME,0,3%CO,11%O2 i N2.50 L.";"0";"0";"0";"0";"DK-SV"
"55501189S";"LAB LINE 6% CO2, 5% O2 i N2. 50 L. 150 bar.";"0";"0";"0";"0";"DK-SV"
"555011901S";"LAB LINE 10% O2 i Nitrogen 50 L. 150 bar.";"0";"0";"0";"0";"DK-SV"
"555011902S";"LAB LINE 10% H2  6,0 i Nitrogen 6.0, 50 L, 200 bar. 8,9 m3";"0";"0";"0";"0";"DK-SV"
"55501190S";"LAB LINE 5% H2, 5%CO2 i Nitrogen, 50 L, 150 bar, 7,5 m3";"0";"0";"0";"0";"DK-SV"
"55501191S";"LAB LINE 9,5% CO i Nitrogen 5.0, 50 L, 150 bar";"60";"1";"0";"0";"DK-SV"
"55501192S";"LAB LINE 5,5% CO2, 2% O2 i Nitrogen, 50 L, 150 bar.";"36";"1";"0";"0";"DK-SV"
"55501193S";"LAB LINE 5%j CO2, 2% O2 i Nitrogen, 50 L, 150 bar";"0";"0";"0";"0";"DK-SV"
"555011951S";"LAB LINE 5% H2 i Nitrogen, 50 L";"36";"1";"0";"0";"DK-SV"
"555011952S";"LAB LINE 5% NO2 i Nitrogen, 50 L. (329 L)";"36";"1";"0";"0";"DK-SV"
"55501195S";"LAB LINE 5% Oxygen i Nitrogen, 50 L, 150 Bar";"36";"1";"0";"0";"DK-SV"
"55501196S";"LAB LINE 4% H2 i Nitrogen, 50 L, 200 bar.";"0";"0";"0";"0";"DK-SV"
"55501198S";"LAB LINE 2% O2 6.0 i Nitrogen 6.0, 50 L, 200 bar, 8,9 m3";"0";"0";"0";"0";"DK-SV"
"5550119910S";"LAB LINE 500 ppb NO i Nitrogen 50 L.";"0";"0";"0";"0";"DK-SV"
"5550119911S";"LAB LINE 200ppm H2S i Nitrogen 50 L.";"12";"1";"0";"0";"DK-SV"
"555011991S";"LAB LINE 1% Oxygen i Nitrogen 50 L. 150 bar.";"0";"0";"0";"0";"DK-SV"
"555011992S";"LAB LINE 1% O2 6.0 i Nitrogen 6.0 50 L. 200 bar. 8,9 m3";"0";"0";"0";"0";"DK-SV"
"555011993S";"LAB LINE 500 ppm N2O i Nitrogen, 50 L, 150 bar,";"0";"0";"0";"0";"DK-SV"
"555011994S";"LAB LINE 500 ppm NO2 i Nitrogen 50 L. 200 bar. 9,5 m3";"0";"0";"0";"0";"DK-SV"
"555011995S";"LAB LINE 100 ppm O2 i Nitrogen 50 L. 150  bar.";"36";"1";"0";"0";"DK-SV"
"555011996S";"LAB LINE 2500 ppm CO i Nitrogen, 50 L. 200 bar. 8,9 m3";"0";"0";"0";"0";"DK-SV"
"555011997S";"LAB LINE 0,18% CO2, 0,9% CO i Nitrogen 50 L. 200 bar.";"0";"0";"0";"0";"DK-SV"
"555011998S";"LAB LINE 0,1% O2  6.0 i Nitrogen 6.0 50 L. 200 bar.8,9 m3";"0";"0";"0";"0";"DK-SV"
"555011999S";"LAB LINE 3500 ppm CO2 i Nitrogen, 50 L";"36";"1";"0";"0";"DK-SV"
"55501199S";"LAB LINE 0,3% CO2 i Nitrogen (+/- 0,01% ABS.)";"0";"0";"0";"0";"DK-SV"
"55501250S";"LAB LINE 50% O2 5.2 i Argon 5.0,  50L, 150 Bar";"60";"1";"0";"0";"DK-SV"
"55501280S";"LAB LINE 20% R32 i Argon 50 L.";"60";"1";"0";"0";"DK-SV"
"555012901S";"LAB LINE 10% Metan i  Argon (50 L.) 150 bar";"60";"1";"0";"0";"DK-SV"
"55501290S";"LAB LINE 10% Helium i Argon 50 L. 150 bar. 7,5 m3";"36";"1";"0";"0";"DK-SV"
"55501295S";"LAB LINE 5% Metan i  Argon (50 L.) 150 bar";"60";"1";"0";"0";"DK-SV"
"55501296S";"LAB LINE 1% iso-Butan, 2,5% CO2 i Ar, 50 L";"60";"1";"0";"0";"DK-SV"
"55501643S";"LAB LINE 57% Metan i CO2. 50 L. 100 bar. 6 m3";"0";"0";"0";"0";"DK-SV"
"55501678S";"LAB LINE 1% C2H6,1%C3H6,4%H2,4%N2,6%CH4,6%CO i CO2. 50 L";"0";"0";"0";"0";"DK-SV"
"55501680S";"LAB LINE 20% CO i Carbon Dioxide 50 L. 42 bar. 0,98";"120";"1";"0";"0";"DK-SV"
"55501690S";"LAB LINE 10% Methan i CO2 50 L. 46 bar.";"0";"0";"0";"0";"DK-SV"
"55501699S";"LAB LINE 5000 ppm H2S i CO2. 50 L.";"0";"0";"0";"0";"DK-SV"
"55501850S";"LAB LINE 50% O2 i Helium, 50 L.";"60";"1";"0";"0";"DK-SV"
"55501860S";"LAB LINE 40% H2 i Helium, 50 L, 150 bar";"0";"0";"0";"0";"DK-SV"
"55501868S";"Lasergas 5,4% CO2 4.5,  27% N2 5.0 i Helium, 50L";"0";"0";"0";"0";"DK-SV"
"55501875S";"Lasergas 1,7% CO, 23,4% N2 i Helium, 50 L";"60";"1";"1";"0";"DK-SV"
"55501879S";"LAB LINE 21% O2 i Helium, 50 L, 200 bar, 8,4 m3";"120";"1";"0";"0";"DK-SV"
"555018951S";"LAB LINE 5% CO2 i Helium, 50 L, 150 bar.";"0";"0";"0";"0";"DK-SV"
"55501895S";"LAB LINE 5% O2 i Helium, 50L, 150 bar";"60";"1";"0";"0";"DK-SV"
"55502090S";"LAB LINE 10% CO2 i Methan 50 L. 150 Bar";"0";"0";"0";"0";"DK-SV"
"55502479S";"LAB LINE 0,12% Propan i Synt. Luft. 50 L. 200 bar.";"0";"0";"0";"0";"DK-SV"
"555024901S";"LAB LINE 0,25% CO, 9,2% He i Synt. Luft, 50 L, 150 bar";"60";"1";"0";"0";"DK-SV"
"55502490S";"LAB LINE 10% He i Synt. Luft 50 L 150 Bar";"0";"0";"0";"0";"DK-SV"
"55502495S";"LAB LINE 5% CO2 i Synt. Luft. 50 L. 150 bar. 7,3 m3";"36";"1";"0";"0";"DK-SV"
"555024991S";"LAB LINE 0,3% CH4, 0,3% CO i Synt. luft, 50 L, 150 bar";"0";"0";"0";"0";"DK-SV"
"55502499S";"LAB LINE 0,3% Acetylen, 0,3% CH4, 0,3% CO i Synt. luft, 50 L";"60";"1";"0";"0";"DK-SV"
"56015828";"Chlorine (Cl2) 2.8 1 L.";"0";"1";"0";"0";""
"56015937S";"Carbon Monoxide (CO) 3.7, 50 L";"60";"1";"0";"0";"DK-SV"
"560559";"Carbon Monoxide (CO) 3.0, 5 L";"60";"0";"0";"0";"DK-SV"
"56105738";"Ammoniak ( NH3) 3.8, 10 L";"60";"1";"0";"0";"DK-SV"
"56105850S";"Krypton (Kr) 5.0 LAB LINE 10 L.";"60";"1";"0";"0";"DK-SV"
"561059";"Carbon Monoxide (CO) 3.0. 10 L.";"60";"1";"0";"0";"DK-SV"
"56106225";"Hydrogen Sulphide (H2S) 2.5 10 L.";"60";"1";"0";"0";"DK-SV"
"56106428";"Hydrogen Chloride (HCl) 3.0 10 L.";"60";"1";"0";"0";"DK-SV"
"56107030";"Dimethylether DME (CH3OCH3) 3.0 10 L.";"60";"1";"0";"0";"DK-SV"
"561226";"2-Buten, 1 Kg.";"36";"1";"0";"0";"DK-SV"
"564053";"Hydrogen Sulfid (H2S)  2.5  40 L. 15 bar.";"60";"1";"0";"0";"DK-SV"
"56405645S";"Sulphur Hexafluoride (SF6) 4.5 40 L.";"60";"1";"0";"0";"DK-SV"
"56405738";"Ammonia (NH3) 3.8 108 L.";"60";"1";"0";"0";"DK-SV"
"56505125S";"Ethylene (C2H4) 2.5 50 L.";"60";"1";"0";"0";"DK-SV"
"56505155S";"Ethylene/Ethen  (C2H4) 5.5 50 L.";"60";"1";"0";"0";"DK-SV"
"56505248";"Neon (Ne) 4.8 50 L.";"60";"1";"0";"0";"DK-SV"
"56505850S";"Krypton (Kr) 5.0, 50 L";"60";"1";"0";"0";"DK-SV"
"56506038";"Sulphur Dioxide (SO2) 3.8 50 L.";"60";"1";"0";"0";"DK-SV"
"57020201";"LAB LINE 2 Komponent 2-5 L Inaktiv";"0";"0";"0";"0";"DK-SV"
"57020203";"LAB LINE 2 Komponent 2-5 L Brandbar";"0";"0";"0";"0";"DK-SV"
"57020204";"LAB LINE 2 Komponent 2-5 L Oxiderende";"0";"0";"0";"0";"DK-SV"
"57020301";"LAB LINE 3 Komponent 2-5 L Inaktiv";"0";"0";"0";"0";"DK-SV"
"57020303";"LAB LINE 3 Komponent 2-5 L Brandbar";"0";"0";"0";"0";"DK-SV"
"57020304";"LAB LINE 3 Komponent 2-5 L Oxiderende";"0";"0";"0";"0";"DK-SV"
"57020401";"LAB LINE 4 Komponent 2-5 L Inaktiv";"0";"0";"0";"0";"DK-SV"
"57020403";"LAB LINE 4 Komponent 2-5 L Brandbar";"0";"0";"0";"0";"DK-SV"
"57020404";"LAB LINE 4 Komponent 2-5 L Oxiderende";"60";"1";"0";"0";"DK-SV"
"57100201";"LAB LINE 2 Komponent 10-20 L. Inaktiv";"0";"0";"0";"0";"DK-SV"
"57100203";"LAB LINE 2 Komponent 10-20 L. Brandbar";"0";"0";"0";"0";"DK-SV"
"57100204";"LAB LINE 2 Komponent 10-20 L. Oxiderende";"0";"0";"0";"0";"DK-SV"
"57100301";"LAB LINE 3 Komponent 10-20 L. Inaktiv";"0";"0";"0";"0";"DK-SV"
"57100303";"LAB LINE 3 Komponent 10-20 L. Brandbar";"0";"0";"0";"0";"DK-SV"
"57100304";"LAB LINE 3 Komponent 10-20 L. Oxiderende";"0";"0";"0";"0";"DK-SV"
"57100401";"LAB LINE 4 Komponent 10-20 L. Inaktiv";"0";"0";"0";"0";"DK-SV"
"57100403";"LAB LINE 4 Komponent 10-20 L. Brandbar";"0";"0";"0";"0";"DK-SV"
"57100404";"LAB LINE 4 Komponent 10-20 L. Oxiderende";"0";"0";"0";"0";"DK-SV"
"57400201";"LAB LINE 2 Komponent 40-50 L. Inaktiv";"0";"0";"0";"0";"DK-SV"
"57400203";"LAB LINE 2 Komponent 40-50 L. Brandbar";"0";"0";"0";"0";"DK-SV"
"57400204";"LAB LINE 2 Komponent 40-50 L. Oxiderende";"0";"0";"0";"0";"DK-SV"
"57400301";"LAB LINE 3 Komponent 40-50 L. Inaktiv";"0";"0";"0";"0";"DK-SV"
"57400303";"LAB LINE 3 Komponent 40-50 L. Brandbar";"0";"0";"0";"0";"DK-SV"
"57400304";"LAB LINE 3 Komponent 40-50 L. Oxiderende";"0";"0";"0";"0";"DK-SV"
"57400401";"LAB LINE 4 Komponent 40-50 L. Inaktiv";"0";"0";"0";"0";"DK-SV"
"57400403";"LAB LINE 4 Komponent 40-50 L. Brandbar";"0";"0";"0";"0";"DK-SV"
"57400404";"LAB LINE 4 Komponent 40-50 L. Oxiderende";"60";"1";"0";"0";"DK-SV"
"5801S";"Klorgas 2.8 i Lecture Bottle";"0";"0";"0";"0";""
"58020101";"LAB LINE 1 Komponent 2-5 L. Inaktiv";"0";"0";"0";"0";"DK-SV"
"58020102";"LAB LINE 1 Komponent 2-5 L. Giftig";"60";"1";"0";"0";"DK-SV"
"58020103";"LAB LINE 1 Komponent 2-5 L. Brandbar";"60";"1";"0";"0";"DK-SV"
"58020104";"LAB LINE 1 Komponent 2-5 L. Oxiderende";"0";"0";"0";"0";"DK-SV"
"58020201";"LAB LINE 2 Komponent 2-5 L. Inaktiv";"0";"0";"0";"0";"DK-SV"
"58020202";"LAB LINE 2 Komponent 2-5 L. Giftig";"0";"0";"0";"0";"DK-SV"
"58020203";"LAB LINE 2 Komponent 2-5 L. Brandbar";"0";"0";"0";"0";"DK-SV"
"58020204";"LAB LINE 2 Komponent 2-5 L. Oxiderende";"0";"0";"0";"0";"DK-SV"
"58020301";"LAB LINE 3 Komponent 2-5 L. Inaktiv";"0";"0";"0";"0";"DK-SV"
"58020302";"LAB LINE 3 Komponent 2-5 L. Giftif";"0";"0";"0";"0";"DK-SV"
"58020303";"LAB LINE 3 Komponent 2-5 L. Brandbar";"0";"0";"0";"0";"DK-SV"
"58020304";"LAB LINE 3 Komponent 2-5 L. Oxiderende";"0";"0";"0";"0";"DK-SV"
"58020401";"LAB LINE 4 Komponent 2-5 L. Inaktiv";"0";"0";"0";"0";"DK-SV"
"58020402";"LAB LINE 4 Komponent 2-5 L.Giftig";"0";"0";"0";"0";"DK-SV"
"58020403";"LAB LINE 4 Komponent 2-5 L. Brandbar";"0";"0";"0";"0";"DK-SV"
"58020404";"LAB LINE 4 Komponent 2-5 L. Oxiderende";"0";"0";"0";"0";"DK-SV"
"5802S";"Diverse Gasser i éngangsflasker. 2 L. 0-200 bar";"0";"0";"0";"0";""
"58100101";"LAB LINE 1 Komponent 10-20 L. Inaktiv";"0";"0";"0";"0";"DK-SV"
"58100102";"LAB LINE 1 Komponent 10-20 L. Giftig";"0";"0";"0";"0";"DK-SV"
"58100103";"LAB LINE 1 Komponent 10-20 L. Brandbar";"0";"0";"0";"0";"DK-SV"
"58100104";"LAB LINE 1 Komponent 10-20 L. Oxiderende";"0";"0";"0";"0";"DK-SV"
"58100201";"LAB LINE 2 Komponent 10-20 L. Inaktiv";"0";"0";"0";"0";"DK-SV"
"58100202";"LAB LINE 2 Komponent 10-20 L. Giftig";"0";"0";"0";"0";"DK-SV"
"58100203";"LAB LINE 2 Komponent 10-20 L. Brandbar";"0";"0";"0";"0";"DK-SV"
"58100204";"LAB LINE 2 komponent 10-20 L. Oxiderende";"0";"0";"0";"0";"DK-SV"
"58100301";"LAB LINE 3 Komponent 10-20 L. Inaktiv";"0";"0";"0";"0";"DK-SV"
"58100302";"LAB LINE 3 Komponent 10-20 L. Giftig";"0";"0";"0";"0";"DK-SV"
"58100303";"LAB LINE 3 Komponent 10-20 L. Brandbar";"0";"0";"0";"0";"DK-SV"
"58100304";"LAB LINE 3 Komponent 10-20 L. Oxiderende";"0";"0";"0";"0";"DK-SV"
"58100401";"LAB LINE 4 Komponent 10-20 L. Inaktiv";"0";"0";"0";"0";"DK-SV"
"58100402";"LAB LINE 4 Komponent 10-20 L. Giftig";"0";"0";"0";"0";"DK-SV"
"58100403";"LAB LINE 4 Komponent 10-20 L. Brandbar";"0";"0";"0";"0";"DK-SV"
"58100404";"LAB LINE 4 Komponent 10-20 L. Oxiderende";"0";"0";"0";"0";"DK-SV"
"58400101";"LAB LINE 1 Komponent 40-50 L. Inaktiv";"0";"0";"0";"0";"DK-SV"
"58400102";"LAB LINE 1 Komponent 40-50 L. Giftig";"0";"0";"0";"0";"DK-SV"
"58400103";"LAB LINE 1 Komponent 40-50 L. Brandbar";"0";"0";"0";"0";"DK-SV"
"58400104";"LAB LINE 1 Komponent 40-50 L. Oxiderende";"0";"0";"0";"0";"DK-SV"
"58400201";"LAB LINE 2 Komponent 40-50 L. Inaktiv";"0";"0";"0";"0";"DK-SV"
"58400202";"LAB LINE 2 Komponent 40-50 L. Giftig";"0";"0";"0";"0";"DK-SV"
"58400203";"LAB LINE 2 Komponent 40-50 L. Brandbar";"60";"1";"0";"0";"DK-SV"
"58400204";"LAB LINE 2 Komponent 40-50 L. Oxiderende";"0";"0";"0";"0";"DK-SV"
"58400301";"LAB LINE 3 Komponent 40-50 L. Inativ";"0";"0";"0";"0";"DK-SV"
"58400302";"LAB LINE 3 Komponent 40-50 L. Giftig";"0";"0";"0";"0";"DK-SV"
"58400303";"LAB LINE 3 Komponent 40-50 L. Brandbar";"0";"0";"0";"0";"DK-SV"
"58400304";"LAB LINE 3 Komponent 40-50 L. Oxiderende";"0";"0";"0";"0";"DK-SV"
"58400401";"LAB LINE 4 Komponent 40-50 L. Inaktiv";"0";"0";"0";"0";"DK-SV"
"58400402";"LAB LINE 4 Komponent 40-50 L. Giftig";"0";"0";"0";"0";"DK-SV"
"58400403";"LAB LINE 4 Komponent 40-50 L. Brandbar";"0";"0";"0";"0";"DK-SV"
"58400404";"LAB LINE 4 Komponent 40-50 L. Oxiderende";"60";"1";"0";"0";"DK-SV"